#
# There is insufficient memory for the Java Runtime Environment to continue.
# Native memory allocation (malloc) failed to allocate 1809136 bytes. Error detail: Chunk::new
# Possible reasons:
#   The system is out of physical RAM or swap space
#   This process is running with CompressedOops enabled, and the Java Heap may be blocking the growth of the native heap
# Possible solutions:
#   Reduce memory load on the system
#   Increase physical memory or swap space
#   Check if swap backing store is full
#   Decrease Java heap size (-Xmx/-Xms)
#   Decrease number of Java threads
#   Decrease Java thread stack sizes (-Xss)
#   Set larger code cache with -XX:ReservedCodeCacheSize=
#   JVM is running with Unscaled Compressed Oops mode in which the Java heap is
#     placed in the first 4GB address space. The Java Heap base address is the
#     maximum limit for the native heap growth. Please use -XX:HeapBaseMinAddress
#     to set the Java Heap base and to place the Java Heap above 4GB virtual address.
# This output file may be truncated or incomplete.
#
#  Out of Memory Error (arena.cpp:168), pid=27256, tid=23764
#
# JRE version: OpenJDK Runtime Environment (21.0.10) (build 21.0.10+-14961533-b1163.108)
# Java VM: OpenJDK 64-Bit Server VM (21.0.10+-14961533-b1163.108, mixed mode, tiered, compressed oops, compressed class ptrs, g1 gc, windows-amd64)
# No core dump will be written. Minidumps are not enabled by default on client versions of Windows
#

---------------  S U M M A R Y ------------

Command Line: --add-opens=java.base/java.lang=ALL-UNNAMED --add-opens=java.base/java.lang.invoke=ALL-UNNAMED --add-opens=java.base/java.util=ALL-UNNAMED --add-opens=java.prefs/java.util.prefs=ALL-UNNAMED --add-exports=jdk.compiler/com.sun.tools.javac.api=ALL-UNNAMED --add-exports=jdk.compiler/com.sun.tools.javac.util=ALL-UNNAMED --add-opens=java.base/java.util=ALL-UNNAMED --add-opens=java.prefs/java.util.prefs=ALL-UNNAMED --add-opens=java.base/java.nio.charset=ALL-UNNAMED --add-opens=java.base/java.net=ALL-UNNAMED --add-opens=java.base/java.util.concurrent=ALL-UNNAMED --add-opens=java.base/java.util.concurrent.atomic=ALL-UNNAMED --add-opens=java.xml/javax.xml.namespace=ALL-UNNAMED --add-opens=java.base/java.time=ALL-UNNAMED -Xmx2048m -Dfile.encoding=UTF-8 -Duser.country=BO -Duser.language=es -Duser.variant -javaagent:C:\Users\Lohrm\.gradle\wrapper\dists\gradle-9.4.1-bin\arn2x92ynaizyzdaamcbpbhtj\gradle-9.4.1\lib\agents\gradle-instrumentation-agent-9.4.1.jar org.gradle.launcher.daemon.bootstrap.GradleDaemon 9.4.1

Host: 11th Gen Intel(R) Core(TM) i7-1165G7 @ 2.80GHz, 8 cores, 15G,  Windows 11 , 64 bit Build 26100 (10.0.26100.8328)
Time: Sat May 30 17:44:20 2026 Hora estándar oeste, Sudamérica elapsed time: 58.000843 seconds (0d 0h 0m 58s)

---------------  T H R E A D  ---------------

Current thread (0x000001a411332de0):  JavaThread "C2 CompilerThread0" daemon [_thread_in_native, id=23764, stack(0x00000046f7400000,0x00000046f7500000) (1024K)]


Current CompileTask:
C2:58001 15654   !   4       sun.reflect.annotation.AnnotationParser::parseAnnotations (37 bytes)

Stack: [0x00000046f7400000,0x00000046f7500000]
Native frames: (J=compiled Java code, j=interpreted, Vv=VM code, C=native code)
V  [jvm.dll+0x6d78a9]
V  [jvm.dll+0x8665b3]
V  [jvm.dll+0x868bde]
V  [jvm.dll+0x8692c3]
V  [jvm.dll+0x280ee6]
V  [jvm.dll+0xc07cd]
V  [jvm.dll+0xc0d03]
V  [jvm.dll+0x3ba091]
V  [jvm.dll+0x385df7]
V  [jvm.dll+0x38526a]
V  [jvm.dll+0x249bd2]
V  [jvm.dll+0x2491a1]
V  [jvm.dll+0x1c76e4]
V  [jvm.dll+0x25891e]
V  [jvm.dll+0x256e66]
V  [jvm.dll+0x3f513e]
V  [jvm.dll+0x80fd28]
V  [jvm.dll+0x6d60fd]
C  [ucrtbase.dll+0x37b0]
C  [KERNEL32.DLL+0x2e957]
C  [ntdll.dll+0x427c]


---------------  P R O C E S S  ---------------

Threads class SMR info:
_java_thread_list=0x000001a41bfbd250, length=50, elements={
0x000001a479969ee0, 0x000001a4112dbb20, 0x000001a4112e87a0, 0x000001a4112f1940,
0x000001a41132d110, 0x000001a41132db70, 0x000001a41132e5d0, 0x000001a411331040,
0x000001a411332de0, 0x000001a411347600, 0x000001a4115fe2b0, 0x000001a4188f6010,
0x000001a4175d3350, 0x000001a416753030, 0x000001a417db7d10, 0x000001a417d4a5d0,
0x000001a416a3e3d0, 0x000001a417bbf9a0, 0x000001a417bbcbb0, 0x000001a417bbd240,
0x000001a417bbd8d0, 0x000001a417bbc520, 0x000001a417bbdf60, 0x000001a417bbf310,
0x000001a418cad040, 0x000001a418cabc90, 0x000001a418caaf70, 0x000001a418cad6d0,
0x000001a418cae3f0, 0x000001a418cac320, 0x000001a418caea80, 0x000001a418cab600,
0x000001a418cb1870, 0x000001a418cb1f00, 0x000001a418cb2590, 0x000001a418caf110,
0x000001a418cafe30, 0x000001a418cb04c0, 0x000001a418caf7a0, 0x000001a418cb0b50,
0x000001a41a05fd80, 0x000001a41a05f6f0, 0x000001a41a060410, 0x000001a41a061130,
0x000001a41a0617c0, 0x000001a41a0624e0, 0x000001a41a05f060, 0x000001a41a4756d0,
0x000001a418658d80, 0x000001a41a339e80
}

Java Threads: ( => current thread )
  0x000001a479969ee0 JavaThread "main"                              [_thread_blocked, id=8316, stack(0x00000046f6500000,0x00000046f6600000) (1024K)]
  0x000001a4112dbb20 JavaThread "Common-Cleaner"             daemon [_thread_blocked, id=29068, stack(0x00000046f6d00000,0x00000046f6e00000) (1024K)]
  0x000001a4112e87a0 JavaThread "Reference Handler"          daemon [_thread_blocked, id=23088, stack(0x00000046f6e00000,0x00000046f6f00000) (1024K)]
  0x000001a4112f1940 JavaThread "Finalizer"                  daemon [_thread_blocked, id=11812, stack(0x00000046f6f00000,0x00000046f7000000) (1024K)]
  0x000001a41132d110 JavaThread "Signal Dispatcher"          daemon [_thread_blocked, id=25132, stack(0x00000046f7000000,0x00000046f7100000) (1024K)]
  0x000001a41132db70 JavaThread "Attach Listener"            daemon [_thread_blocked, id=31944, stack(0x00000046f7100000,0x00000046f7200000) (1024K)]
  0x000001a41132e5d0 JavaThread "Service Thread"             daemon [_thread_blocked, id=17788, stack(0x00000046f7200000,0x00000046f7300000) (1024K)]
  0x000001a411331040 JavaThread "Monitor Deflation Thread"   daemon [_thread_blocked, id=17808, stack(0x00000046f7300000,0x00000046f7400000) (1024K)]
=>0x000001a411332de0 JavaThread "C2 CompilerThread0"         daemon [_thread_in_native, id=23764, stack(0x00000046f7400000,0x00000046f7500000) (1024K)]
  0x000001a411347600 JavaThread "C1 CompilerThread0"         daemon [_thread_blocked, id=25224, stack(0x00000046f7500000,0x00000046f7600000) (1024K)]
  0x000001a4115fe2b0 JavaThread "Notification Thread"        daemon [_thread_blocked, id=27796, stack(0x00000046f7600000,0x00000046f7700000) (1024K)]
  0x000001a4188f6010 JavaThread "Daemon health stats"               [_thread_blocked, id=25912, stack(0x00000046f7d00000,0x00000046f7e00000) (1024K)]
  0x000001a4175d3350 JavaThread "Incoming local TCP Connector on port 51106"        [_thread_in_native, id=17368, stack(0x00000046f7e00000,0x00000046f7f00000) (1024K)]
  0x000001a416753030 JavaThread "Daemon periodic checks"            [_thread_blocked, id=1516, stack(0x00000046f7f00000,0x00000046f8000000) (1024K)]
  0x000001a417db7d10 JavaThread "Daemon"                            [_thread_blocked, id=27352, stack(0x00000046f8000000,0x00000046f8100000) (1024K)]
  0x000001a417d4a5d0 JavaThread "Handler for socket connection from /127.0.0.1:51106 to /127.0.0.1:51107"        [_thread_in_native, id=30568, stack(0x00000046f8100000,0x00000046f8200000) (1024K)]
  0x000001a416a3e3d0 JavaThread "Cancel handler"                    [_thread_blocked, id=33684, stack(0x00000046f8500000,0x00000046f8600000) (1024K)]
  0x000001a417bbf9a0 JavaThread "Daemon worker"                     [_thread_in_Java, id=13408, stack(0x00000046f8600000,0x00000046f8700000) (1024K)]
  0x000001a417bbcbb0 JavaThread "Asynchronous log dispatcher for DefaultDaemonConnection: socket connection from /127.0.0.1:51106 to /127.0.0.1:51107"        [_thread_blocked, id=20772, stack(0x00000046f8700000,0x00000046f8800000) (1024K)]
  0x000001a417bbd240 JavaThread "Stdin handler"                     [_thread_blocked, id=32200, stack(0x00000046f8800000,0x00000046f8900000) (1024K)]
  0x000001a417bbd8d0 JavaThread "Daemon client event forwarder"        [_thread_blocked, id=25804, stack(0x00000046f8900000,0x00000046f8a00000) (1024K)]
  0x000001a417bbc520 JavaThread "Cache worker for journal cache (C:\Users\Lohrm\.gradle\caches\journal-1)"        [_thread_blocked, id=26668, stack(0x00000046f8a00000,0x00000046f8b00000) (1024K)]
  0x000001a417bbdf60 JavaThread "File lock request listener"        [_thread_in_native, id=14456, stack(0x00000046f8b00000,0x00000046f8c00000) (1024K)]
  0x000001a417bbf310 JavaThread "Cache worker for file hash cache (C:\Users\Lohrm\.gradle\caches\9.4.1\fileHashes)"        [_thread_blocked, id=29592, stack(0x00000046f8c00000,0x00000046f8d00000) (1024K)]
  0x000001a418cad040 JavaThread "Cache worker for file hash cache (C:\Users\Lohrm\AndroidStudioProjects\AplicacionNewbee\.gradle\9.4.1\fileHashes)"        [_thread_blocked, id=29248, stack(0x00000046f7700000,0x00000046f7800000) (1024K)]
  0x000001a418cabc90 JavaThread "Cache worker for Build Output Cleanup Cache (C:\Users\Lohrm\AndroidStudioProjects\AplicacionNewbee\.gradle\buildOutputCleanup)"        [_thread_blocked, id=28020, stack(0x00000046f8d00000,0x00000046f8e00000) (1024K)]
  0x000001a418caaf70 JavaThread "File watcher server"        daemon [_thread_in_native, id=30540, stack(0x00000046f8f00000,0x00000046f9000000) (1024K)]
  0x000001a418cad6d0 JavaThread "File watcher consumer"      daemon [_thread_blocked, id=15176, stack(0x00000046f9000000,0x00000046f9100000) (1024K)]
  0x000001a418cae3f0 JavaThread "jar transforms"                    [_thread_blocked, id=12752, stack(0x00000046f9100000,0x00000046f9200000) (1024K)]
  0x000001a418cac320 JavaThread "jar transforms Thread 2"           [_thread_blocked, id=16868, stack(0x00000046f9200000,0x00000046f9300000) (1024K)]
  0x000001a418caea80 JavaThread "jar transforms Thread 3"           [_thread_blocked, id=30916, stack(0x00000046f9300000,0x00000046f9400000) (1024K)]
  0x000001a418cab600 JavaThread "jar transforms Thread 4"           [_thread_blocked, id=1108, stack(0x00000046f9400000,0x00000046f9500000) (1024K)]
  0x000001a418cb1870 JavaThread "jar transforms Thread 5"           [_thread_blocked, id=3668, stack(0x00000046f9500000,0x00000046f9600000) (1024K)]
  0x000001a418cb1f00 JavaThread "jar transforms Thread 6"           [_thread_blocked, id=27444, stack(0x00000046f9600000,0x00000046f9700000) (1024K)]
  0x000001a418cb2590 JavaThread "jar transforms Thread 7"           [_thread_blocked, id=1956, stack(0x00000046f9700000,0x00000046f9800000) (1024K)]
  0x000001a418caf110 JavaThread "jar transforms Thread 8"           [_thread_blocked, id=9172, stack(0x00000046f9800000,0x00000046f9900000) (1024K)]
  0x000001a418cafe30 JavaThread "Cache worker for file content cache (C:\Users\Lohrm\.gradle\caches\9.4.1\fileContent)"        [_thread_blocked, id=20148, stack(0x00000046f9900000,0x00000046f9a00000) (1024K)]
  0x000001a418cb04c0 JavaThread "Cache worker for checksums cache (C:\Users\Lohrm\AndroidStudioProjects\AplicacionNewbee\.gradle\9.4.1\checksums)"        [_thread_blocked, id=18512, stack(0x00000046f9a00000,0x00000046f9b00000) (1024K)]
  0x000001a418caf7a0 JavaThread "Cache worker for cache directory md-supplier (C:\Users\Lohrm\.gradle\caches\9.4.1\md-supplier)"        [_thread_blocked, id=6748, stack(0x00000046f9b00000,0x00000046f9c00000) (1024K)]
  0x000001a418cb0b50 JavaThread "Cache worker for cache directory md-rule (C:\Users\Lohrm\.gradle\caches\9.4.1\md-rule)"        [_thread_blocked, id=19884, stack(0x00000046f9c00000,0x00000046f9d00000) (1024K)]
  0x000001a41a05fd80 JavaThread "Build operations"                  [_thread_blocked, id=4388, stack(0x00000046f9e00000,0x00000046f9f00000) (1024K)]
  0x000001a41a05f6f0 JavaThread "Build operations Thread 2"         [_thread_blocked, id=14296, stack(0x00000046f9f00000,0x00000046fa000000) (1024K)]
  0x000001a41a060410 JavaThread "Build operations Thread 3"         [_thread_blocked, id=7948, stack(0x00000046fa000000,0x00000046fa100000) (1024K)]
  0x000001a41a061130 JavaThread "Build operations Thread 4"         [_thread_blocked, id=22212, stack(0x00000046fa100000,0x00000046fa200000) (1024K)]
  0x000001a41a0617c0 JavaThread "Build operations Thread 5"         [_thread_blocked, id=29420, stack(0x00000046fa200000,0x00000046fa300000) (1024K)]
  0x000001a41a0624e0 JavaThread "Build operations Thread 6"         [_thread_blocked, id=29956, stack(0x00000046fa300000,0x00000046fa400000) (1024K)]
  0x000001a41a05f060 JavaThread "Build operations Thread 7"         [_thread_blocked, id=10112, stack(0x00000046fa400000,0x00000046fa500000) (1024K)]
  0x000001a41a4756d0 JavaThread "Build operations Thread 8"         [_thread_blocked, id=32412, stack(0x00000046fa500000,0x00000046fa600000) (1024K)]
  0x000001a418658d80 JavaThread "Memory manager"                    [_thread_blocked, id=28392, stack(0x00000046f9d00000,0x00000046f9e00000) (1024K)]
  0x000001a41a339e80 JavaThread "C2 CompilerThread1"         daemon [_thread_blocked, id=33732, stack(0x00000046f8e00000,0x00000046f8f00000) (1024K)]
Total: 50

Other Threads:
  0x000001a4111ca1a0 VMThread "VM Thread"                           [id=22492, stack(0x00000046f6c00000,0x00000046f6d00000) (1024K)]
  0x000001a411281080 WatcherThread "VM Periodic Task Thread"        [id=24684, stack(0x00000046f6b00000,0x00000046f6c00000) (1024K)]
  0x000001a4799c3fc0 WorkerThread "GC Thread#0"                     [id=24340, stack(0x00000046f6600000,0x00000046f6700000) (1024K)]
  0x000001a411c87fd0 WorkerThread "GC Thread#1"                     [id=33580, stack(0x00000046f7800000,0x00000046f7900000) (1024K)]
  0x000001a4160f1240 WorkerThread "GC Thread#2"                     [id=29964, stack(0x00000046f7900000,0x00000046f7a00000) (1024K)]
  0x000001a4160f15f0 WorkerThread "GC Thread#3"                     [id=5824, stack(0x00000046f7a00000,0x00000046f7b00000) (1024K)]
  0x000001a4160f19a0 WorkerThread "GC Thread#4"                     [id=29040, stack(0x00000046f7b00000,0x00000046f7c00000) (1024K)]
  0x000001a41649d140 WorkerThread "GC Thread#5"                     [id=11152, stack(0x00000046f7c00000,0x00000046f7d00000) (1024K)]
  0x000001a417659860 WorkerThread "GC Thread#6"                     [id=16996, stack(0x00000046f8200000,0x00000046f8300000) (1024K)]
  0x000001a4176594b0 WorkerThread "GC Thread#7"                     [id=26620, stack(0x00000046f8300000,0x00000046f8400000) (1024K)]
  0x000001a4799d4ec0 ConcurrentGCThread "G1 Main Marker"            [id=2948, stack(0x00000046f6700000,0x00000046f6800000) (1024K)]
  0x000001a4799d58e0 WorkerThread "G1 Conc#0"                       [id=20192, stack(0x00000046f6800000,0x00000046f6900000) (1024K)]
  0x000001a417659100 WorkerThread "G1 Conc#1"                       [id=28552, stack(0x00000046f8400000,0x00000046f8500000) (1024K)]
  0x000001a4110d0290 ConcurrentGCThread "G1 Refine#0"               [id=29848, stack(0x00000046f6900000,0x00000046f6a00000) (1024K)]
  0x000001a4110d1fd0 ConcurrentGCThread "G1 Service"                [id=17644, stack(0x00000046f6a00000,0x00000046f6b00000) (1024K)]
Total: 15

Threads with active compile tasks:
C2 CompilerThread0  58048 15654   !   4       sun.reflect.annotation.AnnotationParser::parseAnnotations (37 bytes)
Total: 1

VM state: not at safepoint (normal execution)

VM Mutex/Monitor currently owned by a thread: None

Heap address: 0x0000000080000000, size: 2048 MB, Compressed Oops mode: 32-bit

CDS archive(s) not mapped
Compressed class space mapped at: 0x0000000100000000-0x0000000140000000, reserved size: 1073741824
Narrow klass base: 0x0000000000000000, Narrow klass shift: 3, Narrow klass range: 0x140000000

GC Precious Log:
 CardTable entry size: 512
 Card Set container configuration: InlinePtr #cards 5 size 8 Array Of Cards #cards 12 size 40 Howl #buckets 4 coarsen threshold 1843 Howl Bitmap #cards 512 size 80 coarsen threshold 460 Card regions per heap region 1 cards per card region 2048
 CPUs: 8 total, 8 available
 Memory: 16122M
 Large Page Support: Disabled
 NUMA Support: Disabled
 Compressed Oops: Enabled (32-bit)
 Heap Region Size: 1M
 Heap Min Capacity: 8M
 Heap Initial Capacity: 252M
 Heap Max Capacity: 2G
 Pre-touch: Disabled
 Parallel Workers: 8
 Concurrent Workers: 2
 Concurrent Refinement Workers: 8
 Periodic GC: Disabled

Heap:
 garbage-first heap   total 350208K, used 272724K [0x0000000080000000, 0x0000000100000000)
  region size 1024K, 62 young (63488K), 3 survivors (3072K)
 Metaspace       used 165835K, committed 168256K, reserved 1245184K
  class space    used 21941K, committed 23104K, reserved 1048576K

Heap Regions: E=young(eden), S=young(survivor), O=old, HS=humongous(starts), HC=humongous(continues), CS=collection set, F=free, TAMS=top-at-mark-start, PB=parsable bottom
|   0|0x0000000080000000, 0x0000000080100000, 0x0000000080100000|100%|HS|  |TAMS 0x0000000080000000| PB 0x0000000080000000| Complete 
|   1|0x0000000080100000, 0x0000000080200000, 0x0000000080200000|100%|HC|  |TAMS 0x0000000080100000| PB 0x0000000080100000| Complete 
|   2|0x0000000080200000, 0x0000000080300000, 0x0000000080300000|100%|HC|  |TAMS 0x0000000080200000| PB 0x0000000080200000| Complete 
|   3|0x0000000080300000, 0x0000000080400000, 0x0000000080400000|100%|HC|  |TAMS 0x0000000080300000| PB 0x0000000080300000| Complete 
|   4|0x0000000080400000, 0x0000000080500000, 0x0000000080500000|100%| O|  |TAMS 0x0000000080400000| PB 0x0000000080400000| Untracked 
|   5|0x0000000080500000, 0x0000000080600000, 0x0000000080600000|100%| O|  |TAMS 0x0000000080500000| PB 0x0000000080500000| Untracked 
|   6|0x0000000080600000, 0x0000000080700000, 0x0000000080700000|100%| O|  |TAMS 0x0000000080600000| PB 0x0000000080600000| Untracked 
|   7|0x0000000080700000, 0x0000000080800000, 0x0000000080800000|100%| O|  |TAMS 0x0000000080700000| PB 0x0000000080700000| Untracked 
|   8|0x0000000080800000, 0x0000000080900000, 0x0000000080900000|100%| O|  |TAMS 0x0000000080800000| PB 0x0000000080800000| Untracked 
|   9|0x0000000080900000, 0x0000000080a00000, 0x0000000080a00000|100%| O|  |TAMS 0x0000000080900000| PB 0x0000000080900000| Untracked 
|  10|0x0000000080a00000, 0x0000000080b00000, 0x0000000080b00000|100%| O|  |TAMS 0x0000000080a00000| PB 0x0000000080a00000| Untracked 
|  11|0x0000000080b00000, 0x0000000080c00000, 0x0000000080c00000|100%|HS|  |TAMS 0x0000000080b00000| PB 0x0000000080b00000| Complete 
|  12|0x0000000080c00000, 0x0000000080d00000, 0x0000000080d00000|100%| O|  |TAMS 0x0000000080c00000| PB 0x0000000080c00000| Untracked 
|  13|0x0000000080d00000, 0x0000000080e00000, 0x0000000080e00000|100%| O|  |TAMS 0x0000000080d00000| PB 0x0000000080d00000| Untracked 
|  14|0x0000000080e00000, 0x0000000080f00000, 0x0000000080f00000|100%| O|  |TAMS 0x0000000080e00000| PB 0x0000000080e00000| Untracked 
|  15|0x0000000080f00000, 0x0000000081000000, 0x0000000081000000|100%| O|  |TAMS 0x0000000080f00000| PB 0x0000000080f00000| Untracked 
|  16|0x0000000081000000, 0x0000000081100000, 0x0000000081100000|100%| O|  |TAMS 0x0000000081000000| PB 0x0000000081000000| Untracked 
|  17|0x0000000081100000, 0x0000000081200000, 0x0000000081200000|100%| O|  |TAMS 0x0000000081100000| PB 0x0000000081100000| Untracked 
|  18|0x0000000081200000, 0x0000000081300000, 0x0000000081300000|100%| O|  |TAMS 0x0000000081200000| PB 0x0000000081200000| Untracked 
|  19|0x0000000081300000, 0x0000000081400000, 0x0000000081400000|100%| O|  |TAMS 0x0000000081300000| PB 0x0000000081300000| Untracked 
|  20|0x0000000081400000, 0x0000000081500000, 0x0000000081500000|100%| O|  |TAMS 0x0000000081400000| PB 0x0000000081400000| Untracked 
|  21|0x0000000081500000, 0x0000000081600000, 0x0000000081600000|100%| O|  |TAMS 0x0000000081500000| PB 0x0000000081500000| Untracked 
|  22|0x0000000081600000, 0x0000000081700000, 0x0000000081700000|100%| O|  |TAMS 0x0000000081600000| PB 0x0000000081600000| Untracked 
|  23|0x0000000081700000, 0x0000000081800000, 0x0000000081800000|100%|HS|  |TAMS 0x0000000081700000| PB 0x0000000081700000| Complete 
|  24|0x0000000081800000, 0x0000000081900000, 0x0000000081900000|100%|HC|  |TAMS 0x0000000081800000| PB 0x0000000081800000| Complete 
|  25|0x0000000081900000, 0x0000000081a00000, 0x0000000081a00000|100%|HC|  |TAMS 0x0000000081900000| PB 0x0000000081900000| Complete 
|  26|0x0000000081a00000, 0x0000000081b00000, 0x0000000081b00000|100%|HC|  |TAMS 0x0000000081a00000| PB 0x0000000081a00000| Complete 
|  27|0x0000000081b00000, 0x0000000081c00000, 0x0000000081c00000|100%|HC|  |TAMS 0x0000000081b00000| PB 0x0000000081b00000| Complete 
|  28|0x0000000081c00000, 0x0000000081d00000, 0x0000000081d00000|100%|HC|  |TAMS 0x0000000081c00000| PB 0x0000000081c00000| Complete 
|  29|0x0000000081d00000, 0x0000000081e00000, 0x0000000081e00000|100%|HS|  |TAMS 0x0000000081d00000| PB 0x0000000081d00000| Complete 
|  30|0x0000000081e00000, 0x0000000081f00000, 0x0000000081f00000|100%|HC|  |TAMS 0x0000000081e00000| PB 0x0000000081e00000| Complete 
|  31|0x0000000081f00000, 0x0000000082000000, 0x0000000082000000|100%|HS|  |TAMS 0x0000000081f00000| PB 0x0000000081f00000| Complete 
|  32|0x0000000082000000, 0x0000000082100000, 0x0000000082100000|100%|HS|  |TAMS 0x0000000082000000| PB 0x0000000082000000| Complete 
|  33|0x0000000082100000, 0x0000000082200000, 0x0000000082200000|100%|HC|  |TAMS 0x0000000082100000| PB 0x0000000082100000| Complete 
|  34|0x0000000082200000, 0x0000000082300000, 0x0000000082300000|100%|HC|  |TAMS 0x0000000082200000| PB 0x0000000082200000| Complete 
|  35|0x0000000082300000, 0x0000000082400000, 0x0000000082400000|100%|HC|  |TAMS 0x0000000082300000| PB 0x0000000082300000| Complete 
|  36|0x0000000082400000, 0x0000000082500000, 0x0000000082500000|100%|HC|  |TAMS 0x0000000082400000| PB 0x0000000082400000| Complete 
|  37|0x0000000082500000, 0x0000000082600000, 0x0000000082600000|100%|HC|  |TAMS 0x0000000082500000| PB 0x0000000082500000| Complete 
|  38|0x0000000082600000, 0x0000000082700000, 0x0000000082700000|100%|HS|  |TAMS 0x0000000082600000| PB 0x0000000082600000| Complete 
|  39|0x0000000082700000, 0x0000000082800000, 0x0000000082800000|100%|HC|  |TAMS 0x0000000082700000| PB 0x0000000082700000| Complete 
|  40|0x0000000082800000, 0x0000000082900000, 0x0000000082900000|100%|HS|  |TAMS 0x0000000082800000| PB 0x0000000082800000| Complete 
|  41|0x0000000082900000, 0x0000000082a00000, 0x0000000082a00000|100%| O|  |TAMS 0x0000000082900000| PB 0x0000000082900000| Untracked 
|  42|0x0000000082a00000, 0x0000000082b00000, 0x0000000082b00000|100%| O|  |TAMS 0x0000000082a00000| PB 0x0000000082a00000| Untracked 
|  43|0x0000000082b00000, 0x0000000082c00000, 0x0000000082c00000|100%| O|  |TAMS 0x0000000082b00000| PB 0x0000000082b00000| Untracked 
|  44|0x0000000082c00000, 0x0000000082d00000, 0x0000000082d00000|100%| O|  |TAMS 0x0000000082c00000| PB 0x0000000082c00000| Untracked 
|  45|0x0000000082d00000, 0x0000000082e00000, 0x0000000082e00000|100%| O|  |TAMS 0x0000000082d00000| PB 0x0000000082d00000| Untracked 
|  46|0x0000000082e00000, 0x0000000082f00000, 0x0000000082f00000|100%| O|  |TAMS 0x0000000082e00000| PB 0x0000000082e00000| Untracked 
|  47|0x0000000082f00000, 0x0000000083000000, 0x0000000083000000|100%| O|  |TAMS 0x0000000082f00000| PB 0x0000000082f00000| Untracked 
|  48|0x0000000083000000, 0x0000000083100000, 0x0000000083100000|100%| O|  |TAMS 0x0000000083000000| PB 0x0000000083000000| Untracked 
|  49|0x0000000083100000, 0x0000000083200000, 0x0000000083200000|100%| O|  |TAMS 0x0000000083100000| PB 0x0000000083100000| Untracked 
|  50|0x0000000083200000, 0x0000000083300000, 0x0000000083300000|100%| O|  |TAMS 0x0000000083200000| PB 0x0000000083200000| Untracked 
|  51|0x0000000083300000, 0x0000000083400000, 0x0000000083400000|100%| O|  |TAMS 0x0000000083300000| PB 0x0000000083300000| Untracked 
|  52|0x0000000083400000, 0x0000000083500000, 0x0000000083500000|100%| O|  |TAMS 0x0000000083400000| PB 0x0000000083400000| Untracked 
|  53|0x0000000083500000, 0x0000000083600000, 0x0000000083600000|100%|HS|  |TAMS 0x0000000083500000| PB 0x0000000083500000| Complete 
|  54|0x0000000083600000, 0x0000000083700000, 0x0000000083700000|100%|HC|  |TAMS 0x0000000083600000| PB 0x0000000083600000| Complete 
|  55|0x0000000083700000, 0x0000000083800000, 0x0000000083800000|100%| O|  |TAMS 0x0000000083700000| PB 0x0000000083700000| Untracked 
|  56|0x0000000083800000, 0x0000000083900000, 0x0000000083900000|100%| O|  |TAMS 0x0000000083800000| PB 0x0000000083800000| Untracked 
|  57|0x0000000083900000, 0x0000000083a00000, 0x0000000083a00000|100%| O|  |TAMS 0x0000000083900000| PB 0x0000000083900000| Untracked 
|  58|0x0000000083a00000, 0x0000000083b00000, 0x0000000083b00000|100%| O|  |TAMS 0x0000000083a00000| PB 0x0000000083a00000| Untracked 
|  59|0x0000000083b00000, 0x0000000083c00000, 0x0000000083c00000|100%| O|  |TAMS 0x0000000083b00000| PB 0x0000000083b00000| Untracked 
|  60|0x0000000083c00000, 0x0000000083d00000, 0x0000000083d00000|100%| O|  |TAMS 0x0000000083c00000| PB 0x0000000083c00000| Untracked 
|  61|0x0000000083d00000, 0x0000000083e00000, 0x0000000083e00000|100%| O|  |TAMS 0x0000000083d00000| PB 0x0000000083d00000| Untracked 
|  62|0x0000000083e00000, 0x0000000083f00000, 0x0000000083f00000|100%| O|  |TAMS 0x0000000083e00000| PB 0x0000000083e00000| Untracked 
|  63|0x0000000083f00000, 0x0000000084000000, 0x0000000084000000|100%| O|  |TAMS 0x0000000083f00000| PB 0x0000000083f00000| Untracked 
|  64|0x0000000084000000, 0x0000000084100000, 0x0000000084100000|100%| O|  |TAMS 0x0000000084000000| PB 0x0000000084000000| Untracked 
|  65|0x0000000084100000, 0x0000000084200000, 0x0000000084200000|100%| O|  |TAMS 0x0000000084100000| PB 0x0000000084100000| Untracked 
|  66|0x0000000084200000, 0x0000000084300000, 0x0000000084300000|100%| O|  |TAMS 0x0000000084200000| PB 0x0000000084200000| Untracked 
|  67|0x0000000084300000, 0x0000000084400000, 0x0000000084400000|100%| O|  |TAMS 0x0000000084300000| PB 0x0000000084300000| Untracked 
|  68|0x0000000084400000, 0x0000000084500000, 0x0000000084500000|100%| O|  |TAMS 0x0000000084400000| PB 0x0000000084400000| Untracked 
|  69|0x0000000084500000, 0x0000000084600000, 0x0000000084600000|100%| O|  |TAMS 0x0000000084500000| PB 0x0000000084500000| Untracked 
|  70|0x0000000084600000, 0x0000000084700000, 0x0000000084700000|100%| O|  |TAMS 0x0000000084600000| PB 0x0000000084600000| Untracked 
|  71|0x0000000084700000, 0x0000000084800000, 0x0000000084800000|100%| O|  |TAMS 0x0000000084700000| PB 0x0000000084700000| Untracked 
|  72|0x0000000084800000, 0x0000000084900000, 0x0000000084900000|100%| O|  |TAMS 0x0000000084800000| PB 0x0000000084800000| Untracked 
|  73|0x0000000084900000, 0x0000000084a00000, 0x0000000084a00000|100%| O|  |TAMS 0x0000000084900000| PB 0x0000000084900000| Untracked 
|  74|0x0000000084a00000, 0x0000000084b00000, 0x0000000084b00000|100%| O|  |TAMS 0x0000000084a00000| PB 0x0000000084a00000| Untracked 
|  75|0x0000000084b00000, 0x0000000084c00000, 0x0000000084c00000|100%| O|  |TAMS 0x0000000084b00000| PB 0x0000000084b00000| Untracked 
|  76|0x0000000084c00000, 0x0000000084d00000, 0x0000000084d00000|100%| O|  |TAMS 0x0000000084c00000| PB 0x0000000084c00000| Untracked 
|  77|0x0000000084d00000, 0x0000000084e00000, 0x0000000084e00000|100%| O|  |TAMS 0x0000000084d00000| PB 0x0000000084d00000| Untracked 
|  78|0x0000000084e00000, 0x0000000084f00000, 0x0000000084f00000|100%| O|  |TAMS 0x0000000084e00000| PB 0x0000000084e00000| Untracked 
|  79|0x0000000084f00000, 0x0000000085000000, 0x0000000085000000|100%|HS|  |TAMS 0x0000000084f00000| PB 0x0000000084f00000| Complete 
|  80|0x0000000085000000, 0x0000000085100000, 0x0000000085100000|100%| O|  |TAMS 0x0000000085000000| PB 0x0000000085000000| Untracked 
|  81|0x0000000085100000, 0x0000000085200000, 0x0000000085200000|100%| O|  |TAMS 0x0000000085100000| PB 0x0000000085100000| Untracked 
|  82|0x0000000085200000, 0x0000000085300000, 0x0000000085300000|100%| O|  |TAMS 0x0000000085200000| PB 0x0000000085200000| Untracked 
|  83|0x0000000085300000, 0x0000000085400000, 0x0000000085400000|100%| O|  |TAMS 0x0000000085300000| PB 0x0000000085300000| Untracked 
|  84|0x0000000085400000, 0x0000000085500000, 0x0000000085500000|100%| O|  |TAMS 0x0000000085400000| PB 0x0000000085400000| Untracked 
|  85|0x0000000085500000, 0x0000000085600000, 0x0000000085600000|100%| O|  |TAMS 0x0000000085500000| PB 0x0000000085500000| Untracked 
|  86|0x0000000085600000, 0x0000000085700000, 0x0000000085700000|100%| O|  |TAMS 0x0000000085600000| PB 0x0000000085600000| Untracked 
|  87|0x0000000085700000, 0x0000000085800000, 0x0000000085800000|100%| O|  |TAMS 0x0000000085700000| PB 0x0000000085700000| Untracked 
|  88|0x0000000085800000, 0x0000000085900000, 0x0000000085900000|100%| O|  |TAMS 0x0000000085800000| PB 0x0000000085800000| Untracked 
|  89|0x0000000085900000, 0x0000000085a00000, 0x0000000085a00000|100%| O|  |TAMS 0x0000000085900000| PB 0x0000000085900000| Untracked 
|  90|0x0000000085a00000, 0x0000000085b00000, 0x0000000085b00000|100%| O|  |TAMS 0x0000000085a00000| PB 0x0000000085a00000| Untracked 
|  91|0x0000000085b00000, 0x0000000085c00000, 0x0000000085c00000|100%| O|  |TAMS 0x0000000085b00000| PB 0x0000000085b00000| Untracked 
|  92|0x0000000085c00000, 0x0000000085d00000, 0x0000000085d00000|100%| O|  |TAMS 0x0000000085c00000| PB 0x0000000085c00000| Untracked 
|  93|0x0000000085d00000, 0x0000000085e00000, 0x0000000085e00000|100%| O|  |TAMS 0x0000000085d00000| PB 0x0000000085d00000| Untracked 
|  94|0x0000000085e00000, 0x0000000085f00000, 0x0000000085f00000|100%| O|  |TAMS 0x0000000085e00000| PB 0x0000000085e00000| Untracked 
|  95|0x0000000085f00000, 0x0000000086000000, 0x0000000086000000|100%|HS|  |TAMS 0x0000000085f00000| PB 0x0000000085f00000| Complete 
|  96|0x0000000086000000, 0x0000000086100000, 0x0000000086100000|100%| O|  |TAMS 0x0000000086000000| PB 0x0000000086000000| Untracked 
|  97|0x0000000086100000, 0x0000000086200000, 0x0000000086200000|100%| O|  |TAMS 0x0000000086100000| PB 0x0000000086100000| Untracked 
|  98|0x0000000086200000, 0x0000000086300000, 0x0000000086300000|100%| O|  |TAMS 0x0000000086200000| PB 0x0000000086200000| Untracked 
|  99|0x0000000086300000, 0x0000000086400000, 0x0000000086400000|100%| O|  |TAMS 0x0000000086300000| PB 0x0000000086300000| Untracked 
| 100|0x0000000086400000, 0x0000000086500000, 0x0000000086500000|100%| O|  |TAMS 0x0000000086400000| PB 0x0000000086400000| Untracked 
| 101|0x0000000086500000, 0x0000000086600000, 0x0000000086600000|100%| O|  |TAMS 0x0000000086500000| PB 0x0000000086500000| Untracked 
| 102|0x0000000086600000, 0x0000000086700000, 0x0000000086700000|100%| O|  |TAMS 0x0000000086600000| PB 0x0000000086600000| Untracked 
| 103|0x0000000086700000, 0x0000000086800000, 0x0000000086800000|100%| O|  |TAMS 0x0000000086700000| PB 0x0000000086700000| Untracked 
| 104|0x0000000086800000, 0x0000000086900000, 0x0000000086900000|100%| O|  |TAMS 0x0000000086800000| PB 0x0000000086800000| Untracked 
| 105|0x0000000086900000, 0x0000000086a00000, 0x0000000086a00000|100%| O|  |TAMS 0x0000000086900000| PB 0x0000000086900000| Untracked 
| 106|0x0000000086a00000, 0x0000000086b00000, 0x0000000086b00000|100%| O|  |TAMS 0x0000000086a00000| PB 0x0000000086a00000| Untracked 
| 107|0x0000000086b00000, 0x0000000086c00000, 0x0000000086c00000|100%| O|  |TAMS 0x0000000086b00000| PB 0x0000000086b00000| Untracked 
| 108|0x0000000086c00000, 0x0000000086d00000, 0x0000000086d00000|100%| O|  |TAMS 0x0000000086c00000| PB 0x0000000086c00000| Untracked 
| 109|0x0000000086d00000, 0x0000000086e00000, 0x0000000086e00000|100%| O|  |TAMS 0x0000000086d00000| PB 0x0000000086d00000| Untracked 
| 110|0x0000000086e00000, 0x0000000086f00000, 0x0000000086f00000|100%| O|Cm|TAMS 0x0000000086e00000| PB 0x0000000086e00000| Complete 
| 111|0x0000000086f00000, 0x0000000087000000, 0x0000000087000000|100%| O|  |TAMS 0x0000000086f00000| PB 0x0000000086f00000| Untracked 
| 112|0x0000000087000000, 0x0000000087100000, 0x0000000087100000|100%| O|  |TAMS 0x0000000087000000| PB 0x0000000087000000| Untracked 
| 113|0x0000000087100000, 0x0000000087200000, 0x0000000087200000|100%| O|  |TAMS 0x0000000087100000| PB 0x0000000087100000| Untracked 
| 114|0x0000000087200000, 0x0000000087300000, 0x0000000087300000|100%| O|  |TAMS 0x0000000087200000| PB 0x0000000087200000| Untracked 
| 115|0x0000000087300000, 0x0000000087400000, 0x0000000087400000|100%| O|  |TAMS 0x0000000087300000| PB 0x0000000087300000| Untracked 
| 116|0x0000000087400000, 0x0000000087500000, 0x0000000087500000|100%| O|  |TAMS 0x0000000087400000| PB 0x0000000087400000| Untracked 
| 117|0x0000000087500000, 0x0000000087600000, 0x0000000087600000|100%| O|  |TAMS 0x0000000087500000| PB 0x0000000087500000| Untracked 
| 118|0x0000000087600000, 0x00000000876adba0, 0x0000000087700000| 67%| O|  |TAMS 0x0000000087600000| PB 0x0000000087600000| Untracked 
| 119|0x0000000087700000, 0x0000000087800000, 0x0000000087800000|100%| O|  |TAMS 0x0000000087700000| PB 0x0000000087700000| Untracked 
| 120|0x0000000087800000, 0x0000000087900000, 0x0000000087900000|100%| O|  |TAMS 0x0000000087800000| PB 0x0000000087800000| Untracked 
| 121|0x0000000087900000, 0x0000000087a00000, 0x0000000087a00000|100%| O|  |TAMS 0x0000000087900000| PB 0x0000000087900000| Untracked 
| 122|0x0000000087a00000, 0x0000000087b00000, 0x0000000087b00000|100%| O|  |TAMS 0x0000000087a00000| PB 0x0000000087a00000| Untracked 
| 123|0x0000000087b00000, 0x0000000087c00000, 0x0000000087c00000|100%| O|  |TAMS 0x0000000087b00000| PB 0x0000000087b00000| Untracked 
| 124|0x0000000087c00000, 0x0000000087d00000, 0x0000000087d00000|100%| O|  |TAMS 0x0000000087c00000| PB 0x0000000087c00000| Untracked 
| 125|0x0000000087d00000, 0x0000000087e00000, 0x0000000087e00000|100%|HS|  |TAMS 0x0000000087d00000| PB 0x0000000087d00000| Complete 
| 126|0x0000000087e00000, 0x0000000087f00000, 0x0000000087f00000|100%|HS|  |TAMS 0x0000000087e00000| PB 0x0000000087e00000| Complete 
| 127|0x0000000087f00000, 0x0000000088000000, 0x0000000088000000|100%| O|  |TAMS 0x0000000087f00000| PB 0x0000000087f00000| Untracked 
| 128|0x0000000088000000, 0x0000000088100000, 0x0000000088100000|100%| O|  |TAMS 0x0000000088000000| PB 0x0000000088000000| Untracked 
| 129|0x0000000088100000, 0x0000000088200000, 0x0000000088200000|100%| O|  |TAMS 0x0000000088100000| PB 0x0000000088100000| Untracked 
| 130|0x0000000088200000, 0x0000000088300000, 0x0000000088300000|100%| O|  |TAMS 0x0000000088200000| PB 0x0000000088200000| Untracked 
| 131|0x0000000088300000, 0x0000000088400000, 0x0000000088400000|100%| O|  |TAMS 0x0000000088300000| PB 0x0000000088300000| Untracked 
| 132|0x0000000088400000, 0x0000000088500000, 0x0000000088500000|100%| O|Cm|TAMS 0x0000000088400000| PB 0x0000000088400000| Complete 
| 133|0x0000000088500000, 0x0000000088600000, 0x0000000088600000|100%|HS|  |TAMS 0x0000000088500000| PB 0x0000000088500000| Complete 
| 134|0x0000000088600000, 0x0000000088700000, 0x0000000088700000|100%|HC|  |TAMS 0x0000000088600000| PB 0x0000000088600000| Complete 
| 135|0x0000000088700000, 0x0000000088800000, 0x0000000088800000|100%| O|  |TAMS 0x0000000088700000| PB 0x0000000088700000| Untracked 
| 136|0x0000000088800000, 0x0000000088900000, 0x0000000088900000|100%| O|  |TAMS 0x0000000088800000| PB 0x0000000088800000| Untracked 
| 137|0x0000000088900000, 0x0000000088a00000, 0x0000000088a00000|100%|HS|  |TAMS 0x0000000088900000| PB 0x0000000088900000| Complete 
| 138|0x0000000088a00000, 0x0000000088b00000, 0x0000000088b00000|100%|HC|  |TAMS 0x0000000088a00000| PB 0x0000000088a00000| Complete 
| 139|0x0000000088b00000, 0x0000000088c00000, 0x0000000088c00000|100%|HS|  |TAMS 0x0000000088b00000| PB 0x0000000088b00000| Complete 
| 140|0x0000000088c00000, 0x0000000088d00000, 0x0000000088d00000|100%|HS|  |TAMS 0x0000000088c00000| PB 0x0000000088c00000| Complete 
| 141|0x0000000088d00000, 0x0000000088e00000, 0x0000000088e00000|100%| O|  |TAMS 0x0000000088d00000| PB 0x0000000088d00000| Untracked 
| 142|0x0000000088e00000, 0x0000000088f00000, 0x0000000088f00000|100%|HS|  |TAMS 0x0000000088e00000| PB 0x0000000088e00000| Complete 
| 143|0x0000000088f00000, 0x0000000088f00000, 0x0000000089000000|  0%| F|  |TAMS 0x0000000088f00000| PB 0x0000000088f00000| Untracked 
| 144|0x0000000089000000, 0x0000000089100000, 0x0000000089100000|100%| O|  |TAMS 0x0000000089000000| PB 0x0000000089000000| Untracked 
| 145|0x0000000089100000, 0x0000000089200000, 0x0000000089200000|100%| O|  |TAMS 0x0000000089100000| PB 0x0000000089100000| Untracked 
| 146|0x0000000089200000, 0x0000000089300000, 0x0000000089300000|100%| O|  |TAMS 0x0000000089200000| PB 0x0000000089200000| Untracked 
| 147|0x0000000089300000, 0x0000000089400000, 0x0000000089400000|100%|HS|  |TAMS 0x0000000089300000| PB 0x0000000089300000| Complete 
| 148|0x0000000089400000, 0x0000000089400000, 0x0000000089500000|  0%| F|  |TAMS 0x0000000089400000| PB 0x0000000089400000| Untracked 
| 149|0x0000000089500000, 0x0000000089600000, 0x0000000089600000|100%| O|  |TAMS 0x0000000089500000| PB 0x0000000089500000| Untracked 
| 150|0x0000000089600000, 0x0000000089700000, 0x0000000089700000|100%| O|  |TAMS 0x0000000089600000| PB 0x0000000089600000| Untracked 
| 151|0x0000000089700000, 0x0000000089800000, 0x0000000089800000|100%| O|  |TAMS 0x0000000089700000| PB 0x0000000089700000| Untracked 
| 152|0x0000000089800000, 0x0000000089900000, 0x0000000089900000|100%| O|  |TAMS 0x0000000089800000| PB 0x0000000089800000| Untracked 
| 153|0x0000000089900000, 0x0000000089a00000, 0x0000000089a00000|100%| O|  |TAMS 0x0000000089900000| PB 0x0000000089900000| Untracked 
| 154|0x0000000089a00000, 0x0000000089b00000, 0x0000000089b00000|100%| O|  |TAMS 0x0000000089a00000| PB 0x0000000089a00000| Untracked 
| 155|0x0000000089b00000, 0x0000000089c00000, 0x0000000089c00000|100%| O|  |TAMS 0x0000000089b00000| PB 0x0000000089b00000| Untracked 
| 156|0x0000000089c00000, 0x0000000089d00000, 0x0000000089d00000|100%|HS|  |TAMS 0x0000000089c00000| PB 0x0000000089c00000| Complete 
| 157|0x0000000089d00000, 0x0000000089e00000, 0x0000000089e00000|100%| O|  |TAMS 0x0000000089d00000| PB 0x0000000089d00000| Untracked 
| 158|0x0000000089e00000, 0x0000000089f00000, 0x0000000089f00000|100%| O|  |TAMS 0x0000000089e00000| PB 0x0000000089e00000| Untracked 
| 159|0x0000000089f00000, 0x000000008a000000, 0x000000008a000000|100%| O|  |TAMS 0x0000000089f00000| PB 0x0000000089f00000| Untracked 
| 160|0x000000008a000000, 0x000000008a100000, 0x000000008a100000|100%| O|  |TAMS 0x000000008a000000| PB 0x000000008a000000| Untracked 
| 161|0x000000008a100000, 0x000000008a200000, 0x000000008a200000|100%| O|  |TAMS 0x000000008a100000| PB 0x000000008a100000| Untracked 
| 162|0x000000008a200000, 0x000000008a300000, 0x000000008a300000|100%| O|  |TAMS 0x000000008a200000| PB 0x000000008a200000| Untracked 
| 163|0x000000008a300000, 0x000000008a400000, 0x000000008a400000|100%| O|  |TAMS 0x000000008a300000| PB 0x000000008a300000| Untracked 
| 164|0x000000008a400000, 0x000000008a500000, 0x000000008a500000|100%| O|  |TAMS 0x000000008a400000| PB 0x000000008a400000| Untracked 
| 165|0x000000008a500000, 0x000000008a600000, 0x000000008a600000|100%| O|  |TAMS 0x000000008a500000| PB 0x000000008a500000| Untracked 
| 166|0x000000008a600000, 0x000000008a700000, 0x000000008a700000|100%| O|  |TAMS 0x000000008a600000| PB 0x000000008a600000| Untracked 
| 167|0x000000008a700000, 0x000000008a800000, 0x000000008a800000|100%| O|  |TAMS 0x000000008a700000| PB 0x000000008a700000| Untracked 
| 168|0x000000008a800000, 0x000000008a900000, 0x000000008a900000|100%| O|  |TAMS 0x000000008a800000| PB 0x000000008a800000| Untracked 
| 169|0x000000008a900000, 0x000000008aa00000, 0x000000008aa00000|100%| O|  |TAMS 0x000000008a900000| PB 0x000000008a900000| Untracked 
| 170|0x000000008aa00000, 0x000000008ab00000, 0x000000008ab00000|100%| O|  |TAMS 0x000000008aa00000| PB 0x000000008aa00000| Untracked 
| 171|0x000000008ab00000, 0x000000008ac00000, 0x000000008ac00000|100%| O|  |TAMS 0x000000008ab00000| PB 0x000000008ab00000| Untracked 
| 172|0x000000008ac00000, 0x000000008ad00000, 0x000000008ad00000|100%| O|  |TAMS 0x000000008ac00000| PB 0x000000008ac00000| Untracked 
| 173|0x000000008ad00000, 0x000000008ae00000, 0x000000008ae00000|100%| O|  |TAMS 0x000000008ad00000| PB 0x000000008ad00000| Untracked 
| 174|0x000000008ae00000, 0x000000008af00000, 0x000000008af00000|100%| O|  |TAMS 0x000000008ae00000| PB 0x000000008ae00000| Untracked 
| 175|0x000000008af00000, 0x000000008b000000, 0x000000008b000000|100%| O|  |TAMS 0x000000008af00000| PB 0x000000008af00000| Untracked 
| 176|0x000000008b000000, 0x000000008b100000, 0x000000008b100000|100%| O|  |TAMS 0x000000008b000000| PB 0x000000008b000000| Untracked 
| 177|0x000000008b100000, 0x000000008b200000, 0x000000008b200000|100%| O|  |TAMS 0x000000008b100000| PB 0x000000008b100000| Untracked 
| 178|0x000000008b200000, 0x000000008b300000, 0x000000008b300000|100%| O|  |TAMS 0x000000008b200000| PB 0x000000008b200000| Untracked 
| 179|0x000000008b300000, 0x000000008b400000, 0x000000008b400000|100%| O|  |TAMS 0x000000008b300000| PB 0x000000008b300000| Untracked 
| 180|0x000000008b400000, 0x000000008b500000, 0x000000008b500000|100%| O|  |TAMS 0x000000008b400000| PB 0x000000008b400000| Untracked 
| 181|0x000000008b500000, 0x000000008b600000, 0x000000008b600000|100%| O|Cm|TAMS 0x000000008b500000| PB 0x000000008b500000| Complete 
| 182|0x000000008b600000, 0x000000008b700000, 0x000000008b700000|100%| O|  |TAMS 0x000000008b600000| PB 0x000000008b600000| Untracked 
| 183|0x000000008b700000, 0x000000008b800000, 0x000000008b800000|100%| O|  |TAMS 0x000000008b700000| PB 0x000000008b700000| Untracked 
| 184|0x000000008b800000, 0x000000008b900000, 0x000000008b900000|100%| O|  |TAMS 0x000000008b800000| PB 0x000000008b800000| Untracked 
| 185|0x000000008b900000, 0x000000008ba00000, 0x000000008ba00000|100%| O|  |TAMS 0x000000008b900000| PB 0x000000008b900000| Untracked 
| 186|0x000000008ba00000, 0x000000008bb00000, 0x000000008bb00000|100%| O|  |TAMS 0x000000008ba00000| PB 0x000000008ba00000| Untracked 
| 187|0x000000008bb00000, 0x000000008bc00000, 0x000000008bc00000|100%| O|  |TAMS 0x000000008bb00000| PB 0x000000008bb00000| Untracked 
| 188|0x000000008bc00000, 0x000000008bd00000, 0x000000008bd00000|100%| O|  |TAMS 0x000000008bc00000| PB 0x000000008bc00000| Untracked 
| 189|0x000000008bd00000, 0x000000008be00000, 0x000000008be00000|100%| O|  |TAMS 0x000000008bd00000| PB 0x000000008bd00000| Untracked 
| 190|0x000000008be00000, 0x000000008bf00000, 0x000000008bf00000|100%| O|Cm|TAMS 0x000000008be00000| PB 0x000000008be00000| Complete 
| 191|0x000000008bf00000, 0x000000008c000000, 0x000000008c000000|100%| O|  |TAMS 0x000000008bf00000| PB 0x000000008bf00000| Untracked 
| 192|0x000000008c000000, 0x000000008c100000, 0x000000008c100000|100%| O|  |TAMS 0x000000008c000000| PB 0x000000008c000000| Untracked 
| 193|0x000000008c100000, 0x000000008c100000, 0x000000008c200000|  0%| F|  |TAMS 0x000000008c100000| PB 0x000000008c100000| Untracked 
| 194|0x000000008c200000, 0x000000008c200000, 0x000000008c300000|  0%| F|  |TAMS 0x000000008c200000| PB 0x000000008c200000| Untracked 
| 195|0x000000008c300000, 0x000000008c300000, 0x000000008c400000|  0%| F|  |TAMS 0x000000008c300000| PB 0x000000008c300000| Untracked 
| 196|0x000000008c400000, 0x000000008c400000, 0x000000008c500000|  0%| F|  |TAMS 0x000000008c400000| PB 0x000000008c400000| Untracked 
| 197|0x000000008c500000, 0x000000008c500000, 0x000000008c600000|  0%| F|  |TAMS 0x000000008c500000| PB 0x000000008c500000| Untracked 
| 198|0x000000008c600000, 0x000000008c600000, 0x000000008c700000|  0%| F|  |TAMS 0x000000008c600000| PB 0x000000008c600000| Untracked 
| 199|0x000000008c700000, 0x000000008c700000, 0x000000008c800000|  0%| F|  |TAMS 0x000000008c700000| PB 0x000000008c700000| Untracked 
| 200|0x000000008c800000, 0x000000008c800000, 0x000000008c900000|  0%| F|  |TAMS 0x000000008c800000| PB 0x000000008c800000| Untracked 
| 201|0x000000008c900000, 0x000000008c900000, 0x000000008ca00000|  0%| F|  |TAMS 0x000000008c900000| PB 0x000000008c900000| Untracked 
| 202|0x000000008ca00000, 0x000000008ca00000, 0x000000008cb00000|  0%| F|  |TAMS 0x000000008ca00000| PB 0x000000008ca00000| Untracked 
| 203|0x000000008cb00000, 0x000000008cb00000, 0x000000008cc00000|  0%| F|  |TAMS 0x000000008cb00000| PB 0x000000008cb00000| Untracked 
| 204|0x000000008cc00000, 0x000000008cc00000, 0x000000008cd00000|  0%| F|  |TAMS 0x000000008cc00000| PB 0x000000008cc00000| Untracked 
| 205|0x000000008cd00000, 0x000000008cd00000, 0x000000008ce00000|  0%| F|  |TAMS 0x000000008cd00000| PB 0x000000008cd00000| Untracked 
| 206|0x000000008ce00000, 0x000000008ce00000, 0x000000008cf00000|  0%| F|  |TAMS 0x000000008ce00000| PB 0x000000008ce00000| Untracked 
| 207|0x000000008cf00000, 0x000000008cf00000, 0x000000008d000000|  0%| F|  |TAMS 0x000000008cf00000| PB 0x000000008cf00000| Untracked 
| 208|0x000000008d000000, 0x000000008d000000, 0x000000008d100000|  0%| F|  |TAMS 0x000000008d000000| PB 0x000000008d000000| Untracked 
| 209|0x000000008d100000, 0x000000008d100000, 0x000000008d200000|  0%| F|  |TAMS 0x000000008d100000| PB 0x000000008d100000| Untracked 
| 210|0x000000008d200000, 0x000000008d200000, 0x000000008d300000|  0%| F|  |TAMS 0x000000008d200000| PB 0x000000008d200000| Untracked 
| 211|0x000000008d300000, 0x000000008d300000, 0x000000008d400000|  0%| F|  |TAMS 0x000000008d300000| PB 0x000000008d300000| Untracked 
| 212|0x000000008d400000, 0x000000008d400000, 0x000000008d500000|  0%| F|  |TAMS 0x000000008d400000| PB 0x000000008d400000| Untracked 
| 213|0x000000008d500000, 0x000000008d500000, 0x000000008d600000|  0%| F|  |TAMS 0x000000008d500000| PB 0x000000008d500000| Untracked 
| 214|0x000000008d600000, 0x000000008d600000, 0x000000008d700000|  0%| F|  |TAMS 0x000000008d600000| PB 0x000000008d600000| Untracked 
| 215|0x000000008d700000, 0x000000008d700000, 0x000000008d800000|  0%| F|  |TAMS 0x000000008d700000| PB 0x000000008d700000| Untracked 
| 216|0x000000008d800000, 0x000000008d800000, 0x000000008d900000|  0%| F|  |TAMS 0x000000008d800000| PB 0x000000008d800000| Untracked 
| 217|0x000000008d900000, 0x000000008d900000, 0x000000008da00000|  0%| F|  |TAMS 0x000000008d900000| PB 0x000000008d900000| Untracked 
| 218|0x000000008da00000, 0x000000008da00000, 0x000000008db00000|  0%| F|  |TAMS 0x000000008da00000| PB 0x000000008da00000| Untracked 
| 219|0x000000008db00000, 0x000000008db00000, 0x000000008dc00000|  0%| F|  |TAMS 0x000000008db00000| PB 0x000000008db00000| Untracked 
| 220|0x000000008dc00000, 0x000000008dc00000, 0x000000008dd00000|  0%| F|  |TAMS 0x000000008dc00000| PB 0x000000008dc00000| Untracked 
| 221|0x000000008dd00000, 0x000000008dd00000, 0x000000008de00000|  0%| F|  |TAMS 0x000000008dd00000| PB 0x000000008dd00000| Untracked 
| 222|0x000000008de00000, 0x000000008de00000, 0x000000008df00000|  0%| F|  |TAMS 0x000000008de00000| PB 0x000000008de00000| Untracked 
| 223|0x000000008df00000, 0x000000008df00000, 0x000000008e000000|  0%| F|  |TAMS 0x000000008df00000| PB 0x000000008df00000| Untracked 
| 224|0x000000008e000000, 0x000000008e000000, 0x000000008e100000|  0%| F|  |TAMS 0x000000008e000000| PB 0x000000008e000000| Untracked 
| 225|0x000000008e100000, 0x000000008e100000, 0x000000008e200000|  0%| F|  |TAMS 0x000000008e100000| PB 0x000000008e100000| Untracked 
| 226|0x000000008e200000, 0x000000008e200000, 0x000000008e300000|  0%| F|  |TAMS 0x000000008e200000| PB 0x000000008e200000| Untracked 
| 227|0x000000008e300000, 0x000000008e300000, 0x000000008e400000|  0%| F|  |TAMS 0x000000008e300000| PB 0x000000008e300000| Untracked 
| 228|0x000000008e400000, 0x000000008e400000, 0x000000008e500000|  0%| F|  |TAMS 0x000000008e400000| PB 0x000000008e400000| Untracked 
| 229|0x000000008e500000, 0x000000008e500000, 0x000000008e600000|  0%| F|  |TAMS 0x000000008e500000| PB 0x000000008e500000| Untracked 
| 230|0x000000008e600000, 0x000000008e600000, 0x000000008e700000|  0%| F|  |TAMS 0x000000008e600000| PB 0x000000008e600000| Untracked 
| 231|0x000000008e700000, 0x000000008e700000, 0x000000008e800000|  0%| F|  |TAMS 0x000000008e700000| PB 0x000000008e700000| Untracked 
| 232|0x000000008e800000, 0x000000008e800000, 0x000000008e900000|  0%| F|  |TAMS 0x000000008e800000| PB 0x000000008e800000| Untracked 
| 233|0x000000008e900000, 0x000000008e900000, 0x000000008ea00000|  0%| F|  |TAMS 0x000000008e900000| PB 0x000000008e900000| Untracked 
| 234|0x000000008ea00000, 0x000000008ea00000, 0x000000008eb00000|  0%| F|  |TAMS 0x000000008ea00000| PB 0x000000008ea00000| Untracked 
| 235|0x000000008eb00000, 0x000000008eb00000, 0x000000008ec00000|  0%| F|  |TAMS 0x000000008eb00000| PB 0x000000008eb00000| Untracked 
| 236|0x000000008ec00000, 0x000000008ec00000, 0x000000008ed00000|  0%| F|  |TAMS 0x000000008ec00000| PB 0x000000008ec00000| Untracked 
| 237|0x000000008ed00000, 0x000000008ed00000, 0x000000008ee00000|  0%| F|  |TAMS 0x000000008ed00000| PB 0x000000008ed00000| Untracked 
| 238|0x000000008ee00000, 0x000000008ee00000, 0x000000008ef00000|  0%| F|  |TAMS 0x000000008ee00000| PB 0x000000008ee00000| Untracked 
| 239|0x000000008ef00000, 0x000000008ef00000, 0x000000008f000000|  0%| F|  |TAMS 0x000000008ef00000| PB 0x000000008ef00000| Untracked 
| 240|0x000000008f000000, 0x000000008f000000, 0x000000008f100000|  0%| F|  |TAMS 0x000000008f000000| PB 0x000000008f000000| Untracked 
| 241|0x000000008f100000, 0x000000008f100000, 0x000000008f200000|  0%| F|  |TAMS 0x000000008f100000| PB 0x000000008f100000| Untracked 
| 242|0x000000008f200000, 0x000000008f200000, 0x000000008f300000|  0%| F|  |TAMS 0x000000008f200000| PB 0x000000008f200000| Untracked 
| 243|0x000000008f300000, 0x000000008f300000, 0x000000008f400000|  0%| F|  |TAMS 0x000000008f300000| PB 0x000000008f300000| Untracked 
| 244|0x000000008f400000, 0x000000008f400000, 0x000000008f500000|  0%| F|  |TAMS 0x000000008f400000| PB 0x000000008f400000| Untracked 
| 245|0x000000008f500000, 0x000000008f500000, 0x000000008f600000|  0%| F|  |TAMS 0x000000008f500000| PB 0x000000008f500000| Untracked 
| 246|0x000000008f600000, 0x000000008f600000, 0x000000008f700000|  0%| F|  |TAMS 0x000000008f600000| PB 0x000000008f600000| Untracked 
| 247|0x000000008f700000, 0x000000008f700000, 0x000000008f800000|  0%| F|  |TAMS 0x000000008f700000| PB 0x000000008f700000| Untracked 
| 248|0x000000008f800000, 0x000000008f800000, 0x000000008f900000|  0%| F|  |TAMS 0x000000008f800000| PB 0x000000008f800000| Untracked 
| 249|0x000000008f900000, 0x000000008f900000, 0x000000008fa00000|  0%| F|  |TAMS 0x000000008f900000| PB 0x000000008f900000| Untracked 
| 250|0x000000008fa00000, 0x000000008fa00000, 0x000000008fb00000|  0%| F|  |TAMS 0x000000008fa00000| PB 0x000000008fa00000| Untracked 
| 251|0x000000008fb00000, 0x000000008fb00000, 0x000000008fc00000|  0%| F|  |TAMS 0x000000008fb00000| PB 0x000000008fb00000| Untracked 
| 252|0x000000008fc00000, 0x000000008fc00000, 0x000000008fd00000|  0%| F|  |TAMS 0x000000008fc00000| PB 0x000000008fc00000| Untracked 
| 253|0x000000008fd00000, 0x000000008fd00000, 0x000000008fe00000|  0%| F|  |TAMS 0x000000008fd00000| PB 0x000000008fd00000| Untracked 
| 254|0x000000008fe00000, 0x000000008fe00000, 0x000000008ff00000|  0%| F|  |TAMS 0x000000008fe00000| PB 0x000000008fe00000| Untracked 
| 255|0x000000008ff00000, 0x000000008ff00000, 0x0000000090000000|  0%| F|  |TAMS 0x000000008ff00000| PB 0x000000008ff00000| Untracked 
| 256|0x0000000090000000, 0x0000000090000000, 0x0000000090100000|  0%| F|  |TAMS 0x0000000090000000| PB 0x0000000090000000| Untracked 
| 257|0x0000000090100000, 0x0000000090100000, 0x0000000090200000|  0%| F|  |TAMS 0x0000000090100000| PB 0x0000000090100000| Untracked 
| 258|0x0000000090200000, 0x0000000090200000, 0x0000000090300000|  0%| F|  |TAMS 0x0000000090200000| PB 0x0000000090200000| Untracked 
| 259|0x0000000090300000, 0x0000000090300000, 0x0000000090400000|  0%| F|  |TAMS 0x0000000090300000| PB 0x0000000090300000| Untracked 
| 260|0x0000000090400000, 0x0000000090400000, 0x0000000090500000|  0%| F|  |TAMS 0x0000000090400000| PB 0x0000000090400000| Untracked 
| 261|0x0000000090500000, 0x0000000090500000, 0x0000000090600000|  0%| F|  |TAMS 0x0000000090500000| PB 0x0000000090500000| Untracked 
| 262|0x0000000090600000, 0x0000000090600000, 0x0000000090700000|  0%| F|  |TAMS 0x0000000090600000| PB 0x0000000090600000| Untracked 
| 263|0x0000000090700000, 0x0000000090700000, 0x0000000090800000|  0%| F|  |TAMS 0x0000000090700000| PB 0x0000000090700000| Untracked 
| 264|0x0000000090800000, 0x0000000090880000, 0x0000000090900000| 50%| E|  |TAMS 0x0000000090800000| PB 0x0000000090800000| Complete 
| 265|0x0000000090900000, 0x0000000090a00000, 0x0000000090a00000|100%| E|CS|TAMS 0x0000000090900000| PB 0x0000000090900000| Complete 
| 266|0x0000000090a00000, 0x0000000090b00000, 0x0000000090b00000|100%| E|CS|TAMS 0x0000000090a00000| PB 0x0000000090a00000| Complete 
| 267|0x0000000090b00000, 0x0000000090c00000, 0x0000000090c00000|100%| E|CS|TAMS 0x0000000090b00000| PB 0x0000000090b00000| Complete 
| 268|0x0000000090c00000, 0x0000000090d00000, 0x0000000090d00000|100%| E|CS|TAMS 0x0000000090c00000| PB 0x0000000090c00000| Complete 
| 269|0x0000000090d00000, 0x0000000090e00000, 0x0000000090e00000|100%| E|CS|TAMS 0x0000000090d00000| PB 0x0000000090d00000| Complete 
| 270|0x0000000090e00000, 0x0000000090f00000, 0x0000000090f00000|100%| E|CS|TAMS 0x0000000090e00000| PB 0x0000000090e00000| Complete 
| 271|0x0000000090f00000, 0x0000000091000000, 0x0000000091000000|100%| E|CS|TAMS 0x0000000090f00000| PB 0x0000000090f00000| Complete 
| 272|0x0000000091000000, 0x00000000910a7700, 0x0000000091100000| 65%| S|CS|TAMS 0x0000000091000000| PB 0x0000000091000000| Complete 
| 273|0x0000000091100000, 0x0000000091200000, 0x0000000091200000|100%| S|CS|TAMS 0x0000000091100000| PB 0x0000000091100000| Complete 
| 274|0x0000000091200000, 0x0000000091300000, 0x0000000091300000|100%| S|CS|TAMS 0x0000000091200000| PB 0x0000000091200000| Complete 
| 275|0x0000000091300000, 0x0000000091400000, 0x0000000091400000|100%| E|CS|TAMS 0x0000000091300000| PB 0x0000000091300000| Complete 
| 276|0x0000000091400000, 0x0000000091500000, 0x0000000091500000|100%| E|CS|TAMS 0x0000000091400000| PB 0x0000000091400000| Complete 
| 277|0x0000000091500000, 0x0000000091600000, 0x0000000091600000|100%| E|CS|TAMS 0x0000000091500000| PB 0x0000000091500000| Complete 
| 278|0x0000000091600000, 0x0000000091700000, 0x0000000091700000|100%| E|CS|TAMS 0x0000000091600000| PB 0x0000000091600000| Complete 
| 279|0x0000000091700000, 0x0000000091800000, 0x0000000091800000|100%| E|CS|TAMS 0x0000000091700000| PB 0x0000000091700000| Complete 
| 280|0x0000000091800000, 0x0000000091900000, 0x0000000091900000|100%| E|CS|TAMS 0x0000000091800000| PB 0x0000000091800000| Complete 
| 281|0x0000000091900000, 0x0000000091a00000, 0x0000000091a00000|100%| E|CS|TAMS 0x0000000091900000| PB 0x0000000091900000| Complete 
| 282|0x0000000091a00000, 0x0000000091b00000, 0x0000000091b00000|100%| E|CS|TAMS 0x0000000091a00000| PB 0x0000000091a00000| Complete 
| 283|0x0000000091b00000, 0x0000000091c00000, 0x0000000091c00000|100%| E|CS|TAMS 0x0000000091b00000| PB 0x0000000091b00000| Complete 
| 284|0x0000000091c00000, 0x0000000091d00000, 0x0000000091d00000|100%| E|CS|TAMS 0x0000000091c00000| PB 0x0000000091c00000| Complete 
| 285|0x0000000091d00000, 0x0000000091e00000, 0x0000000091e00000|100%| E|CS|TAMS 0x0000000091d00000| PB 0x0000000091d00000| Complete 
| 286|0x0000000091e00000, 0x0000000091f00000, 0x0000000091f00000|100%| E|CS|TAMS 0x0000000091e00000| PB 0x0000000091e00000| Complete 
| 287|0x0000000091f00000, 0x0000000092000000, 0x0000000092000000|100%| E|CS|TAMS 0x0000000091f00000| PB 0x0000000091f00000| Complete 
| 288|0x0000000092000000, 0x0000000092100000, 0x0000000092100000|100%| E|CS|TAMS 0x0000000092000000| PB 0x0000000092000000| Complete 
| 289|0x0000000092100000, 0x0000000092200000, 0x0000000092200000|100%| E|CS|TAMS 0x0000000092100000| PB 0x0000000092100000| Complete 
| 290|0x0000000092200000, 0x0000000092300000, 0x0000000092300000|100%| E|CS|TAMS 0x0000000092200000| PB 0x0000000092200000| Complete 
| 291|0x0000000092300000, 0x0000000092400000, 0x0000000092400000|100%| E|CS|TAMS 0x0000000092300000| PB 0x0000000092300000| Complete 
| 292|0x0000000092400000, 0x0000000092500000, 0x0000000092500000|100%| E|CS|TAMS 0x0000000092400000| PB 0x0000000092400000| Complete 
| 293|0x0000000092500000, 0x0000000092600000, 0x0000000092600000|100%| E|CS|TAMS 0x0000000092500000| PB 0x0000000092500000| Complete 
| 294|0x0000000092600000, 0x0000000092700000, 0x0000000092700000|100%| E|CS|TAMS 0x0000000092600000| PB 0x0000000092600000| Complete 
| 295|0x0000000092700000, 0x0000000092800000, 0x0000000092800000|100%| E|CS|TAMS 0x0000000092700000| PB 0x0000000092700000| Complete 
| 296|0x0000000092800000, 0x0000000092900000, 0x0000000092900000|100%| E|CS|TAMS 0x0000000092800000| PB 0x0000000092800000| Complete 
| 297|0x0000000092900000, 0x0000000092a00000, 0x0000000092a00000|100%| E|CS|TAMS 0x0000000092900000| PB 0x0000000092900000| Complete 
| 298|0x0000000092a00000, 0x0000000092b00000, 0x0000000092b00000|100%| E|CS|TAMS 0x0000000092a00000| PB 0x0000000092a00000| Complete 
| 299|0x0000000092b00000, 0x0000000092c00000, 0x0000000092c00000|100%| E|CS|TAMS 0x0000000092b00000| PB 0x0000000092b00000| Complete 
| 300|0x0000000092c00000, 0x0000000092d00000, 0x0000000092d00000|100%| E|CS|TAMS 0x0000000092c00000| PB 0x0000000092c00000| Complete 
| 301|0x0000000092d00000, 0x0000000092e00000, 0x0000000092e00000|100%| E|CS|TAMS 0x0000000092d00000| PB 0x0000000092d00000| Complete 
| 302|0x0000000092e00000, 0x0000000092f00000, 0x0000000092f00000|100%| E|CS|TAMS 0x0000000092e00000| PB 0x0000000092e00000| Complete 
| 303|0x0000000092f00000, 0x0000000093000000, 0x0000000093000000|100%| E|CS|TAMS 0x0000000092f00000| PB 0x0000000092f00000| Complete 
| 304|0x0000000093000000, 0x0000000093100000, 0x0000000093100000|100%| E|CS|TAMS 0x0000000093000000| PB 0x0000000093000000| Complete 
|2011|0x00000000fdb00000, 0x00000000fdc00000, 0x00000000fdc00000|100%| O|  |TAMS 0x00000000fdb00000| PB 0x00000000fdb00000| Untracked 
|2012|0x00000000fdc00000, 0x00000000fdd00000, 0x00000000fdd00000|100%| O|Cm|TAMS 0x00000000fdc00000| PB 0x00000000fdc00000| Complete 
|2013|0x00000000fdd00000, 0x00000000fde00000, 0x00000000fde00000|100%| O|  |TAMS 0x00000000fdd00000| PB 0x00000000fdd00000| Untracked 
|2014|0x00000000fde00000, 0x00000000fdf00000, 0x00000000fdf00000|100%| O|  |TAMS 0x00000000fde00000| PB 0x00000000fde00000| Untracked 
|2015|0x00000000fdf00000, 0x00000000fe000000, 0x00000000fe000000|100%| O|  |TAMS 0x00000000fdf00000| PB 0x00000000fdf00000| Untracked 
|2016|0x00000000fe000000, 0x00000000fe100000, 0x00000000fe100000|100%| E|CS|TAMS 0x00000000fe000000| PB 0x00000000fe000000| Complete 
|2017|0x00000000fe100000, 0x00000000fe200000, 0x00000000fe200000|100%| E|CS|TAMS 0x00000000fe100000| PB 0x00000000fe100000| Complete 
|2018|0x00000000fe200000, 0x00000000fe300000, 0x00000000fe300000|100%| E|CS|TAMS 0x00000000fe200000| PB 0x00000000fe200000| Complete 
|2019|0x00000000fe300000, 0x00000000fe400000, 0x00000000fe400000|100%| E|CS|TAMS 0x00000000fe300000| PB 0x00000000fe300000| Complete 
|2020|0x00000000fe400000, 0x00000000fe500000, 0x00000000fe500000|100%| O|Cm|TAMS 0x00000000fe400000| PB 0x00000000fe400000| Complete 
|2021|0x00000000fe500000, 0x00000000fe600000, 0x00000000fe600000|100%| O|Cm|TAMS 0x00000000fe500000| PB 0x00000000fe500000| Complete 
|2022|0x00000000fe600000, 0x00000000fe700000, 0x00000000fe700000|100%| O|  |TAMS 0x00000000fe600000| PB 0x00000000fe600000| Untracked 
|2023|0x00000000fe700000, 0x00000000fe800000, 0x00000000fe800000|100%| O|  |TAMS 0x00000000fe700000| PB 0x00000000fe700000| Untracked 
|2024|0x00000000fe800000, 0x00000000fe900000, 0x00000000fe900000|100%| O|  |TAMS 0x00000000fe800000| PB 0x00000000fe800000| Untracked 
|2025|0x00000000fe900000, 0x00000000fea00000, 0x00000000fea00000|100%| E|CS|TAMS 0x00000000fe900000| PB 0x00000000fe900000| Complete 
|2026|0x00000000fea00000, 0x00000000feb00000, 0x00000000feb00000|100%| E|CS|TAMS 0x00000000fea00000| PB 0x00000000fea00000| Complete 
|2027|0x00000000feb00000, 0x00000000fec00000, 0x00000000fec00000|100%| E|CS|TAMS 0x00000000feb00000| PB 0x00000000feb00000| Complete 
|2028|0x00000000fec00000, 0x00000000fed00000, 0x00000000fed00000|100%| E|CS|TAMS 0x00000000fec00000| PB 0x00000000fec00000| Complete 
|2029|0x00000000fed00000, 0x00000000fee00000, 0x00000000fee00000|100%| E|CS|TAMS 0x00000000fed00000| PB 0x00000000fed00000| Complete 
|2030|0x00000000fee00000, 0x00000000fef00000, 0x00000000fef00000|100%| E|CS|TAMS 0x00000000fee00000| PB 0x00000000fee00000| Complete 
|2031|0x00000000fef00000, 0x00000000ff000000, 0x00000000ff000000|100%| E|CS|TAMS 0x00000000fef00000| PB 0x00000000fef00000| Complete 
|2032|0x00000000ff000000, 0x00000000ff100000, 0x00000000ff100000|100%| E|CS|TAMS 0x00000000ff000000| PB 0x00000000ff000000| Complete 
|2033|0x00000000ff100000, 0x00000000ff200000, 0x00000000ff200000|100%| E|CS|TAMS 0x00000000ff100000| PB 0x00000000ff100000| Complete 
|2034|0x00000000ff200000, 0x00000000ff300000, 0x00000000ff300000|100%| E|CS|TAMS 0x00000000ff200000| PB 0x00000000ff200000| Complete 
|2035|0x00000000ff300000, 0x00000000ff400000, 0x00000000ff400000|100%| E|CS|TAMS 0x00000000ff300000| PB 0x00000000ff300000| Complete 
|2036|0x00000000ff400000, 0x00000000ff500000, 0x00000000ff500000|100%| E|CS|TAMS 0x00000000ff400000| PB 0x00000000ff400000| Complete 
|2037|0x00000000ff500000, 0x00000000ff600000, 0x00000000ff600000|100%| E|CS|TAMS 0x00000000ff500000| PB 0x00000000ff500000| Complete 
|2038|0x00000000ff600000, 0x00000000ff700000, 0x00000000ff700000|100%| E|CS|TAMS 0x00000000ff600000| PB 0x00000000ff600000| Complete 
|2039|0x00000000ff700000, 0x00000000ff800000, 0x00000000ff800000|100%| E|CS|TAMS 0x00000000ff700000| PB 0x00000000ff700000| Complete 
|2040|0x00000000ff800000, 0x00000000ff900000, 0x00000000ff900000|100%| E|CS|TAMS 0x00000000ff800000| PB 0x00000000ff800000| Complete 
|2041|0x00000000ff900000, 0x00000000ffa00000, 0x00000000ffa00000|100%| O|  |TAMS 0x00000000ff900000| PB 0x00000000ff900000| Untracked 
|2042|0x00000000ffa00000, 0x00000000ffb00000, 0x00000000ffb00000|100%| O|  |TAMS 0x00000000ffa00000| PB 0x00000000ffa00000| Untracked 
|2043|0x00000000ffb00000, 0x00000000ffc00000, 0x00000000ffc00000|100%| O|  |TAMS 0x00000000ffb00000| PB 0x00000000ffb00000| Untracked 
|2044|0x00000000ffc00000, 0x00000000ffd00000, 0x00000000ffd00000|100%| O|  |TAMS 0x00000000ffc00000| PB 0x00000000ffc00000| Untracked 
|2045|0x00000000ffd00000, 0x00000000ffe00000, 0x00000000ffe00000|100%| E|CS|TAMS 0x00000000ffd00000| PB 0x00000000ffd00000| Complete 
|2046|0x00000000ffe00000, 0x00000000fff00000, 0x00000000fff00000|100%| E|CS|TAMS 0x00000000ffe00000| PB 0x00000000ffe00000| Complete 
|2047|0x00000000fff00000, 0x0000000100000000, 0x0000000100000000|100%| O|  |TAMS 0x00000000fff00000| PB 0x00000000fff00000| Untracked 

Card table byte_map: [0x000001a47d200000,0x000001a47d600000] _byte_map_base: 0x000001a47ce00000

Marking Bits: (CMBitMap*) 0x000001a4799c45e0
 Bits: [0x000001a47d600000, 0x000001a47f600000)

Polling page: 0x000001a4777a0000

Metaspace:

Usage:
  Non-class:    140.59 MB used.
      Class:     21.44 MB used.
       Both:    162.03 MB used.

Virtual space:
  Non-class space:      192.00 MB reserved,     141.81 MB ( 74%) committed,  3 nodes.
      Class space:        1.00 GB reserved,      22.56 MB (  2%) committed,  1 nodes.
             Both:        1.19 GB reserved,     164.38 MB ( 14%) committed. 

Chunk freelists:
   Non-Class:  1.30 MB
       Class:  9.44 MB
        Both:  10.73 MB

MaxMetaspaceSize: unlimited
CompressedClassSpaceSize: 1.00 GB
Initial GC threshold: 21.00 MB
Current GC threshold: 261.81 MB
CDS: off
 - commit_granule_bytes: 65536.
 - commit_granule_words: 8192.
 - virtual_space_node_default_size: 8388608.
 - enlarge_chunks_in_place: 1.
 - use_allocation_guard: 0.


Internal statistics:

num_allocs_failed_limit: 9.
num_arena_births: 4494.
num_arena_deaths: 0.
num_vsnodes_births: 4.
num_vsnodes_deaths: 0.
num_space_committed: 2629.
num_space_uncommitted: 0.
num_chunks_returned_to_freelist: 9.
num_chunks_taken_from_freelist: 11085.
num_chunk_merges: 6.
num_chunk_splits: 7823.
num_chunks_enlarged: 5518.
num_inconsistent_stats: 0.

CodeHeap 'non-profiled nmethods': size=120000Kb used=8008Kb max_used=8008Kb free=111991Kb
 bounds [0x000001a407ad0000, 0x000001a4082b0000, 0x000001a40f000000]
CodeHeap 'profiled nmethods': size=120000Kb used=28512Kb max_used=28512Kb free=91487Kb
 bounds [0x000001a400000000, 0x000001a401be0000, 0x000001a407530000]
CodeHeap 'non-nmethods': size=5760Kb used=2523Kb max_used=2566Kb free=3236Kb
 bounds [0x000001a407530000, 0x000001a4077c0000, 0x000001a407ad0000]
CodeCache: size=245760Kb, used=39043Kb, max_used=39086Kb, free=206714Kb
 total_blobs=14457, nmethods=13350, adapters=1008, full_count=0
Compilation: enabled, stopped_count=0, restarted_count=0

Compilation events (20 events):
Event: 57.852 Thread 0x000001a411347600 nmethod 15675 0x000001a401bd5990 code [0x000001a401bd5b20, 0x000001a401bd5c40]
Event: 57.852 Thread 0x000001a41a339e80 nmethod 15660 0x000001a40829f310 code [0x000001a40829f520, 0x000001a40829fed0]
Event: 57.853 Thread 0x000001a41a339e80 15651       4       com.google.common.cache.LocalCache$Segment::scheduleRefresh (66 bytes)
Event: 57.854 Thread 0x000001a41a339e80 nmethod 15651 0x000001a4082a0490 code [0x000001a4082a0620, 0x000001a4082a0710]
Event: 57.854 Thread 0x000001a41a339e80 15668       4       org.gradle.api.internal.provider.ValueState$NonFinalizedValue::explicitValue (7 bytes)
Event: 57.855 Thread 0x000001a41a339e80 nmethod 15668 0x000001a4082a0810 code [0x000001a4082a09a0, 0x000001a4082a0a30]
Event: 57.881 Thread 0x000001a411347600 15676       3       org.gradle.api.internal.file.DefaultFilePropertyFactory$AbstractFileVar::<init> (7 bytes)
Event: 57.882 Thread 0x000001a411347600 nmethod 15676 0x000001a401bd5d10 code [0x000001a401bd5f80, 0x000001a401bd6c00]
Event: 57.915 Thread 0x000001a41a339e80 15677       4       com.google.common.collect.ImmutableSet$Builder::add (6 bytes)
Event: 57.921 Thread 0x000001a411347600 15678       1       com.android.build.api.artifact.impl.ArtifactContainer::getCurrent (5 bytes)
Event: 57.922 Thread 0x000001a411347600 nmethod 15678 0x000001a4082a0b10 code [0x000001a4082a0ca0, 0x000001a4082a0d68]
Event: 57.925 Thread 0x000001a411347600 15679       3       org.gradle.internal.Actions::doNothing (4 bytes)
Event: 57.925 Thread 0x000001a411347600 nmethod 15679 0x000001a4009c8310 code [0x000001a4009c84a0, 0x000001a4009c8598]
Event: 57.926 Thread 0x000001a411347600 15680       1       com.android.build.api.artifact.impl.ArtifactsImpl::getObjects (5 bytes)
Event: 57.926 Thread 0x000001a411347600 nmethod 15680 0x000001a4082a0e10 code [0x000001a4082a0fa0, 0x000001a4082a1068]
Event: 57.930 Thread 0x000001a41a339e80 nmethod 15677 0x000001a4082a1110 code [0x000001a4082a12e0, 0x000001a4082a17a0]
Event: 57.981 Thread 0x000001a411347600 15681       1       java.util.stream.ReferencePipeline$StatefulOp::opIsStateful (2 bytes)
Event: 57.982 Thread 0x000001a411347600 nmethod 15681 0x000001a4082a1a90 code [0x000001a4082a1c20, 0x000001a4082a1ce8]
Event: 57.982 Thread 0x000001a411347600 15682       3       org.gradle.internal.ImmutableActionSet::fromActions (63 bytes)
Event: 57.984 Thread 0x000001a411347600 nmethod 15682 0x000001a401bd7010 code [0x000001a401bd72e0, 0x000001a401bd82a0]

GC Heap History (20 events):
Event: 39.046 GC heap before
{Heap before GC invocations=37 (full 0):
 garbage-first heap   total 235520K, used 213522K [0x0000000080000000, 0x0000000100000000)
  region size 1024K, 73 young (74752K), 7 survivors (7168K)
 Metaspace       used 132870K, committed 134976K, reserved 1179648K
  class space    used 17792K, committed 18752K, reserved 1048576K
}
Event: 39.071 GC heap after
{Heap after GC invocations=38 (full 0):
 garbage-first heap   total 235520K, used 157236K [0x0000000080000000, 0x0000000100000000)
  region size 1024K, 10 young (10240K), 10 survivors (10240K)
 Metaspace       used 132870K, committed 134976K, reserved 1179648K
  class space    used 17792K, committed 18752K, reserved 1048576K
}
Event: 41.120 GC heap before
{Heap before GC invocations=38 (full 0):
 garbage-first heap   total 235520K, used 222772K [0x0000000080000000, 0x0000000100000000)
  region size 1024K, 66 young (67584K), 10 survivors (10240K)
 Metaspace       used 138195K, committed 140288K, reserved 1179648K
  class space    used 18372K, committed 19392K, reserved 1048576K
}
Event: 41.142 GC heap after
{Heap after GC invocations=39 (full 0):
 garbage-first heap   total 245760K, used 174321K [0x0000000080000000, 0x0000000100000000)
  region size 1024K, 8 young (8192K), 8 survivors (8192K)
 Metaspace       used 138195K, committed 140288K, reserved 1179648K
  class space    used 18372K, committed 19392K, reserved 1048576K
}
Event: 42.597 GC heap before
{Heap before GC invocations=39 (full 0):
 garbage-first heap   total 245760K, used 225521K [0x0000000080000000, 0x0000000100000000)
  region size 1024K, 58 young (59392K), 8 survivors (8192K)
 Metaspace       used 142120K, committed 144256K, reserved 1179648K
  class space    used 18828K, committed 19840K, reserved 1048576K
}
Event: 42.608 GC heap after
{Heap after GC invocations=40 (full 0):
 garbage-first heap   total 245760K, used 176528K [0x0000000080000000, 0x0000000100000000)
  region size 1024K, 2 young (2048K), 2 survivors (2048K)
 Metaspace       used 142120K, committed 144256K, reserved 1179648K
  class space    used 18828K, committed 19840K, reserved 1048576K
}
Event: 44.682 GC heap before
{Heap before GC invocations=41 (full 0):
 garbage-first heap   total 295936K, used 230800K [0x0000000080000000, 0x0000000100000000)
  region size 1024K, 53 young (54272K), 2 survivors (2048K)
 Metaspace       used 146579K, committed 148800K, reserved 1179648K
  class space    used 19538K, committed 20608K, reserved 1048576K
}
Event: 44.695 GC heap after
{Heap after GC invocations=42 (full 0):
 garbage-first heap   total 295936K, used 180063K [0x0000000080000000, 0x0000000100000000)
  region size 1024K, 4 young (4096K), 4 survivors (4096K)
 Metaspace       used 146579K, committed 148800K, reserved 1179648K
  class space    used 19538K, committed 20608K, reserved 1048576K
}
Event: 47.267 GC heap before
{Heap before GC invocations=42 (full 0):
 garbage-first heap   total 295936K, used 267103K [0x0000000080000000, 0x0000000100000000)
  region size 1024K, 84 young (86016K), 4 survivors (4096K)
 Metaspace       used 151751K, committed 153984K, reserved 1245184K
  class space    used 20230K, committed 21312K, reserved 1048576K
}
Event: 47.284 GC heap after
{Heap after GC invocations=43 (full 0):
 garbage-first heap   total 295936K, used 186004K [0x0000000080000000, 0x0000000100000000)
  region size 1024K, 10 young (10240K), 10 survivors (10240K)
 Metaspace       used 151751K, committed 153984K, reserved 1245184K
  class space    used 20230K, committed 21312K, reserved 1048576K
}
Event: 49.181 GC heap before
{Heap before GC invocations=43 (full 0):
 garbage-first heap   total 295936K, used 270996K [0x0000000080000000, 0x0000000100000000)
  region size 1024K, 93 young (95232K), 10 survivors (10240K)
 Metaspace       used 154281K, committed 156544K, reserved 1245184K
  class space    used 20541K, committed 21632K, reserved 1048576K
}
Event: 49.216 GC heap after
{Heap after GC invocations=44 (full 0):
 garbage-first heap   total 300032K, used 204038K [0x0000000080000000, 0x0000000100000000)
  region size 1024K, 12 young (12288K), 12 survivors (12288K)
 Metaspace       used 154281K, committed 156544K, reserved 1245184K
  class space    used 20541K, committed 21632K, reserved 1048576K
}
Event: 49.847 GC heap before
{Heap before GC invocations=45 (full 0):
 garbage-first heap   total 300032K, used 239878K [0x0000000080000000, 0x0000000100000000)
  region size 1024K, 74 young (75776K), 12 survivors (12288K)
 Metaspace       used 154541K, committed 156800K, reserved 1245184K
  class space    used 20553K, committed 21632K, reserved 1048576K
}
Event: 49.890 GC heap after
{Heap after GC invocations=46 (full 0):
 garbage-first heap   total 300032K, used 202240K [0x0000000080000000, 0x0000000100000000)
  region size 1024K, 10 young (10240K), 10 survivors (10240K)
 Metaspace       used 154541K, committed 156800K, reserved 1245184K
  class space    used 20553K, committed 21632K, reserved 1048576K
}
Event: 50.861 GC heap before
{Heap before GC invocations=46 (full 0):
 garbage-first heap   total 300032K, used 259584K [0x0000000080000000, 0x0000000100000000)
  region size 1024K, 65 young (66560K), 10 survivors (10240K)
 Metaspace       used 154830K, committed 157056K, reserved 1245184K
  class space    used 20562K, committed 21632K, reserved 1048576K
}
Event: 50.898 GC heap after
{Heap after GC invocations=47 (full 0):
 garbage-first heap   total 300032K, used 196096K [0x0000000080000000, 0x0000000100000000)
  region size 1024K, 9 young (9216K), 9 survivors (9216K)
 Metaspace       used 154830K, committed 157056K, reserved 1245184K
  class space    used 20562K, committed 21632K, reserved 1048576K
}
Event: 53.807 GC heap before
{Heap before GC invocations=47 (full 0):
 garbage-first heap   total 300032K, used 256512K [0x0000000080000000, 0x0000000100000000)
  region size 1024K, 68 young (69632K), 9 survivors (9216K)
 Metaspace       used 157679K, committed 159936K, reserved 1245184K
  class space    used 20733K, committed 21824K, reserved 1048576K
}
Event: 53.834 GC heap after
{Heap after GC invocations=48 (full 0):
 garbage-first heap   total 300032K, used 209920K [0x0000000080000000, 0x0000000100000000)
  region size 1024K, 9 young (9216K), 9 survivors (9216K)
 Metaspace       used 157679K, committed 159936K, reserved 1245184K
  class space    used 20733K, committed 21824K, reserved 1048576K
}
Event: 56.029 GC heap before
{Heap before GC invocations=49 (full 0):
 garbage-first heap   total 350208K, used 263168K [0x0000000080000000, 0x0000000100000000)
  region size 1024K, 61 young (62464K), 9 survivors (9216K)
 Metaspace       used 161973K, committed 164352K, reserved 1245184K
  class space    used 21273K, committed 22400K, reserved 1048576K
}
Event: 56.050 GC heap after
{Heap after GC invocations=50 (full 0):
 garbage-first heap   total 350208K, used 213332K [0x0000000080000000, 0x0000000100000000)
  region size 1024K, 3 young (3072K), 3 survivors (3072K)
 Metaspace       used 161973K, committed 164352K, reserved 1245184K
  class space    used 21273K, committed 22400K, reserved 1048576K
}

Dll operation events (3 events):
Event: 0.011 Loaded shared library C:\Program Files\Android\Android Studio1\jbr\bin\java.dll
Event: 0.020 Loaded shared library C:\Program Files\Android\Android Studio1\jbr\bin\zip.dll
Event: 0.750 Loaded shared library C:\Program Files\Android\Android Studio1\jbr\bin\verify.dll

Deoptimization events (20 events):
Event: 57.162 Thread 0x000001a417bbf9a0 Uncommon trap: trap_request=0xffffffd6 fr.pc=0x000001a40815afac relative=0x00000000000006cc
Event: 57.162 Thread 0x000001a417bbf9a0 Uncommon trap: reason=array_check action=maybe_recompile pc=0x000001a40815afac method=java.util.TimSort.reverseRange([Ljava/lang/Object;II)V @ 20 c2
Event: 57.162 Thread 0x000001a417bbf9a0 DEOPT PACKING pc=0x000001a40815afac sp=0x00000046f86f5c40
Event: 57.162 Thread 0x000001a417bbf9a0 DEOPT UNPACKING pc=0x000001a407587aa2 sp=0x00000046f86f5b70 mode 2
Event: 57.210 Thread 0x000001a417bbf9a0 Uncommon trap: trap_request=0xffffff45 fr.pc=0x000001a407e567d4 relative=0x0000000000001454
Event: 57.210 Thread 0x000001a417bbf9a0 Uncommon trap: reason=unstable_if action=reinterpret pc=0x000001a407e567d4 method=sun.nio.fs.WindowsPath.getPathForWin32Calls(Z)Ljava/lang/String; @ 21 c2
Event: 57.210 Thread 0x000001a417bbf9a0 DEOPT PACKING pc=0x000001a407e567d4 sp=0x00000046f86f5760
Event: 57.210 Thread 0x000001a417bbf9a0 DEOPT UNPACKING pc=0x000001a407587aa2 sp=0x00000046f86f5640 mode 2
Event: 57.233 Thread 0x000001a417bbf9a0 Uncommon trap: trap_request=0xffffff45 fr.pc=0x000001a407dd98cc relative=0x00000000000000ac
Event: 57.233 Thread 0x000001a417bbf9a0 Uncommon trap: reason=unstable_if action=reinterpret pc=0x000001a407dd98cc method=sun.nio.fs.WindowsPath.getPathForWin32Calls(Z)Ljava/lang/String; @ 21 c2
Event: 57.233 Thread 0x000001a417bbf9a0 DEOPT PACKING pc=0x000001a407dd98cc sp=0x00000046f86f3e20
Event: 57.233 Thread 0x000001a417bbf9a0 DEOPT UNPACKING pc=0x000001a407587aa2 sp=0x00000046f86f3d38 mode 2
Event: 57.234 Thread 0x000001a417bbf9a0 Uncommon trap: trap_request=0xffffff45 fr.pc=0x000001a407b814e8 relative=0x00000000000000c8
Event: 57.234 Thread 0x000001a417bbf9a0 Uncommon trap: reason=unstable_if action=reinterpret pc=0x000001a407b814e8 method=sun.nio.fs.WindowsPath.getPathForWin32Calls(Z)Ljava/lang/String; @ 21 c2
Event: 57.234 Thread 0x000001a417bbf9a0 DEOPT PACKING pc=0x000001a407b814e8 sp=0x00000046f86f5580
Event: 57.234 Thread 0x000001a417bbf9a0 DEOPT UNPACKING pc=0x000001a407587aa2 sp=0x00000046f86f5510 mode 2
Event: 57.673 Thread 0x000001a417bbf9a0 Uncommon trap: trap_request=0xffffffde fr.pc=0x000001a407ea3914 relative=0x0000000000000074
Event: 57.673 Thread 0x000001a417bbf9a0 Uncommon trap: reason=class_check action=maybe_recompile pc=0x000001a407ea3914 method=java.lang.invoke.Invokers$Holder.linkToTargetMethod(Ljava/lang/Object;Ljava/lang/Object;Ljava/lang/Object;Ljava/lang/Object;)Ljava/lang/Object; @ 1 c2
Event: 57.673 Thread 0x000001a417bbf9a0 DEOPT PACKING pc=0x000001a407ea3914 sp=0x00000046f86f6c10
Event: 57.673 Thread 0x000001a417bbf9a0 DEOPT UNPACKING pc=0x000001a407587aa2 sp=0x00000046f86f6bc0 mode 2

Classes loaded (20 events):
Event: 57.144 Loading class java/io/Console
Event: 57.145 Loading class java/io/Console done
Event: 57.145 Loading class jdk/internal/io/JdkConsoleProvider
Event: 57.145 Loading class jdk/internal/io/JdkConsoleProvider done
Event: 57.146 Loading class java/util/ServiceLoader$LayerLookupIterator
Event: 57.146 Loading class java/util/ServiceLoader$LayerLookupIterator done
Event: 57.146 Loading class java/util/ServiceLoader$ProviderSpliterator
Event: 57.146 Loading class java/util/ServiceLoader$ProviderSpliterator done
Event: 57.147 Loading class jdk/internal/io/JdkConsole
Event: 57.147 Loading class jdk/internal/io/JdkConsole done
Event: 57.148 Loading class java/util/AbstractMap$2
Event: 57.148 Loading class java/util/AbstractMap$2 done
Event: 57.148 Loading class java/util/AbstractMap$2$1
Event: 57.148 Loading class java/util/AbstractMap$2$1 done
Event: 57.149 Loading class java/io/Console$1
Event: 57.149 Loading class jdk/internal/access/JavaIOAccess
Event: 57.149 Loading class jdk/internal/access/JavaIOAccess done
Event: 57.149 Loading class java/io/Console$1 done
Event: 57.668 Loading class java/lang/invoke/BoundMethodHandle$Species_LLLJ
Event: 57.669 Loading class java/lang/invoke/BoundMethodHandle$Species_LLLJ done

Classes unloaded (0 events):
No events

Classes redefined (0 events):
No events

Internal exceptions (20 events):
Event: 57.940 Thread 0x000001a417bbf9a0 Exception <a 'sun/nio/fs/WindowsException'{0x0000000090c51048}> (0x0000000090c51048) 
thrown [s\src\hotspot\share\prims\jni.cpp, line 537]
Event: 57.942 Thread 0x000001a417bbf9a0 Exception <a 'sun/nio/fs/WindowsException'{0x0000000090c5efb0}> (0x0000000090c5efb0) 
thrown [s\src\hotspot\share\prims\jni.cpp, line 537]
Event: 57.944 Thread 0x000001a417bbf9a0 Exception <a 'sun/nio/fs/WindowsException'{0x0000000090c6d778}> (0x0000000090c6d778) 
thrown [s\src\hotspot\share\prims\jni.cpp, line 537]
Event: 57.949 Thread 0x000001a417bbf9a0 Exception <a 'sun/nio/fs/WindowsException'{0x0000000090ca6848}> (0x0000000090ca6848) 
thrown [s\src\hotspot\share\prims\jni.cpp, line 537]
Event: 57.952 Thread 0x000001a417bbf9a0 Exception <a 'sun/nio/fs/WindowsException'{0x0000000090cb4ee8}> (0x0000000090cb4ee8) 
thrown [s\src\hotspot\share\prims\jni.cpp, line 537]
Event: 57.957 Thread 0x000001a417bbf9a0 Exception <a 'sun/nio/fs/WindowsException'{0x0000000090cc58d0}> (0x0000000090cc58d0) 
thrown [s\src\hotspot\share\prims\jni.cpp, line 537]
Event: 57.958 Thread 0x000001a417bbf9a0 Exception <a 'sun/nio/fs/WindowsException'{0x0000000090cd39e0}> (0x0000000090cd39e0) 
thrown [s\src\hotspot\share\prims\jni.cpp, line 537]
Event: 57.960 Thread 0x000001a417bbf9a0 Exception <a 'sun/nio/fs/WindowsException'{0x0000000090cea4f8}> (0x0000000090cea4f8) 
thrown [s\src\hotspot\share\prims\jni.cpp, line 537]
Event: 57.961 Thread 0x000001a417bbf9a0 Exception <a 'sun/nio/fs/WindowsException'{0x0000000090cfe878}> (0x0000000090cfe878) 
thrown [s\src\hotspot\share\prims\jni.cpp, line 537]
Event: 57.963 Thread 0x000001a417bbf9a0 Exception <a 'sun/nio/fs/WindowsException'{0x0000000090b134e8}> (0x0000000090b134e8) 
thrown [s\src\hotspot\share\prims\jni.cpp, line 537]
Event: 57.966 Thread 0x000001a417bbf9a0 Exception <a 'sun/nio/fs/WindowsException'{0x0000000090b25398}> (0x0000000090b25398) 
thrown [s\src\hotspot\share\prims\jni.cpp, line 537]
Event: 57.971 Thread 0x000001a417bbf9a0 Exception <a 'sun/nio/fs/WindowsException'{0x0000000090b323f8}> (0x0000000090b323f8) 
thrown [s\src\hotspot\share\prims\jni.cpp, line 537]
Event: 57.976 Thread 0x000001a417bbf9a0 Exception <a 'sun/nio/fs/WindowsException'{0x0000000090b51400}> (0x0000000090b51400) 
thrown [s\src\hotspot\share\prims\jni.cpp, line 537]
Event: 57.978 Thread 0x000001a417bbf9a0 Exception <a 'sun/nio/fs/WindowsException'{0x0000000090b5f648}> (0x0000000090b5f648) 
thrown [s\src\hotspot\share\prims\jni.cpp, line 537]
Event: 57.980 Thread 0x000001a417bbf9a0 Exception <a 'sun/nio/fs/WindowsException'{0x0000000090b712c8}> (0x0000000090b712c8) 
thrown [s\src\hotspot\share\prims\jni.cpp, line 537]
Event: 57.983 Thread 0x000001a417bbf9a0 Exception <a 'sun/nio/fs/WindowsException'{0x0000000090b893f0}> (0x0000000090b893f0) 
thrown [s\src\hotspot\share\prims\jni.cpp, line 537]
Event: 57.986 Thread 0x000001a417bbf9a0 Exception <a 'sun/nio/fs/WindowsException'{0x0000000090b9de48}> (0x0000000090b9de48) 
thrown [s\src\hotspot\share\prims\jni.cpp, line 537]
Event: 57.989 Thread 0x000001a417bbf9a0 Exception <a 'sun/nio/fs/WindowsException'{0x0000000090bab390}> (0x0000000090bab390) 
thrown [s\src\hotspot\share\prims\jni.cpp, line 537]
Event: 57.992 Thread 0x000001a417bbf9a0 Exception <a 'sun/nio/fs/WindowsException'{0x0000000090bb9c40}> (0x0000000090bb9c40) 
thrown [s\src\hotspot\share\prims\jni.cpp, line 537]
Event: 57.994 Thread 0x000001a417bbf9a0 Exception <a 'sun/nio/fs/WindowsException'{0x0000000090bcff68}> (0x0000000090bcff68) 
thrown [s\src\hotspot\share\prims\jni.cpp, line 537]

ZGC Phase Switch (0 events):
No events

VM Operations (20 events):
Event: 53.566 Executing safepoint VM operation: ICBufferFull
Event: 53.567 Executing safepoint VM operation: ICBufferFull done
Event: 53.741 Executing non-safepoint VM operation: HandshakeAllThreads (Deoptimize)
Event: 53.741 Executing non-safepoint VM operation: HandshakeAllThreads (Deoptimize) done
Event: 53.806 Executing safepoint VM operation: G1CollectForAllocation (G1 Evacuation Pause)
Event: 53.834 Executing safepoint VM operation: G1CollectForAllocation (G1 Evacuation Pause) done
Event: 54.189 Executing safepoint VM operation: G1PauseRemark
Event: 54.207 Executing safepoint VM operation: G1PauseRemark done
Event: 54.421 Executing safepoint VM operation: G1PauseCleanup
Event: 54.422 Executing safepoint VM operation: G1PauseCleanup done
Event: 54.487 Executing non-safepoint VM operation: HandshakeAllThreads (Deoptimize)
Event: 54.488 Executing non-safepoint VM operation: HandshakeAllThreads (Deoptimize) done
Event: 54.575 Executing non-safepoint VM operation: HandshakeAllThreads (Deoptimize)
Event: 54.575 Executing non-safepoint VM operation: HandshakeAllThreads (Deoptimize) done
Event: 55.583 Executing safepoint VM operation: Cleanup
Event: 55.584 Executing safepoint VM operation: Cleanup done
Event: 56.029 Executing safepoint VM operation: G1CollectForAllocation (G1 Evacuation Pause)
Event: 56.050 Executing safepoint VM operation: G1CollectForAllocation (G1 Evacuation Pause) done
Event: 57.063 Executing safepoint VM operation: Cleanup
Event: 57.064 Executing safepoint VM operation: Cleanup done

Memory protections (0 events):
No events

Nmethod flushes (20 events):
Event: 54.201 Thread 0x000001a4111ca1a0 flushing  nmethod 0x000001a4080dba10
Event: 54.201 Thread 0x000001a4111ca1a0 flushing osr nmethod 0x000001a40816e790
Event: 54.201 Thread 0x000001a4111ca1a0 flushing  nmethod 0x000001a4000b4710
Event: 54.201 Thread 0x000001a4111ca1a0 flushing  nmethod 0x000001a4000b7e10
Event: 54.201 Thread 0x000001a4111ca1a0 flushing  nmethod 0x000001a4000d6090
Event: 54.201 Thread 0x000001a4111ca1a0 flushing  nmethod 0x000001a400198b90
Event: 54.201 Thread 0x000001a4111ca1a0 flushing  nmethod 0x000001a4001c2a90
Event: 54.201 Thread 0x000001a4111ca1a0 flushing  nmethod 0x000001a4001c3210
Event: 54.201 Thread 0x000001a4111ca1a0 flushing  nmethod 0x000001a400226710
Event: 54.201 Thread 0x000001a4111ca1a0 flushing  nmethod 0x000001a400226a90
Event: 54.201 Thread 0x000001a4111ca1a0 flushing  nmethod 0x000001a400260290
Event: 54.201 Thread 0x000001a4111ca1a0 flushing  nmethod 0x000001a40031f710
Event: 54.201 Thread 0x000001a4111ca1a0 flushing  nmethod 0x000001a400335a10
Event: 54.201 Thread 0x000001a4111ca1a0 flushing  nmethod 0x000001a400336390
Event: 54.201 Thread 0x000001a4111ca1a0 flushing  nmethod 0x000001a400c92190
Event: 54.201 Thread 0x000001a4111ca1a0 flushing  nmethod 0x000001a400e64410
Event: 54.201 Thread 0x000001a4111ca1a0 flushing  nmethod 0x000001a400e6bf10
Event: 54.201 Thread 0x000001a4111ca1a0 flushing  nmethod 0x000001a400e6c490
Event: 54.201 Thread 0x000001a4111ca1a0 flushing  nmethod 0x000001a40123a210
Event: 54.201 Thread 0x000001a4111ca1a0 flushing  nmethod 0x000001a401496c10

Events (20 events):
Event: 46.233 Thread 0x000001a41916f7e0 Thread exited: 0x000001a41916f7e0
Event: 47.353 Thread 0x000001a411347600 Thread added: 0x000001a41916dca0
Event: 48.088 Thread 0x000001a411347600 Thread added: 0x000001a41916e370
Event: 48.276 Thread 0x000001a41916e370 Thread exited: 0x000001a41916e370
Event: 48.276 Thread 0x000001a41916dca0 Thread exited: 0x000001a41916dca0
Event: 48.574 Thread 0x000001a411347600 Thread added: 0x000001a41916feb0
Event: 48.908 Thread 0x000001a41916feb0 Thread added: 0x000001a41916dca0
Event: 49.252 Thread 0x000001a41916feb0 Thread exited: 0x000001a41916feb0
Event: 49.252 Thread 0x000001a41916dca0 Thread exited: 0x000001a41916dca0
Event: 49.662 Thread 0x000001a411347600 Thread added: 0x000001a41916feb0
Event: 49.965 Thread 0x000001a411332de0 Thread added: 0x000001a41916e370
Event: 51.376 Thread 0x000001a41916e370 Thread exited: 0x000001a41916e370
Event: 51.479 Thread 0x000001a41916feb0 Thread exited: 0x000001a41916feb0
Event: 52.430 Thread 0x000001a411347600 Thread added: 0x000001a4191720c0
Event: 53.486 Thread 0x000001a411347600 Thread added: 0x000001a41a4bbac0
Event: 54.047 Thread 0x000001a41a4bbac0 Thread exited: 0x000001a41a4bbac0
Event: 54.110 Thread 0x000001a4191720c0 Thread exited: 0x000001a4191720c0
Event: 55.928 Thread 0x000001a411347600 Thread added: 0x000001a41a335a60
Event: 56.398 Thread 0x000001a41a335a60 Thread exited: 0x000001a41a335a60
Event: 57.781 Thread 0x000001a411347600 Thread added: 0x000001a41a339e80


Dynamic libraries:
0x00007ff6fea90000 - 0x00007ff6fea9a000 	C:\Program Files\Android\Android Studio1\jbr\bin\java.exe
0x00007fffe8800000 - 0x00007fffe8a67000 	C:\WINDOWS\SYSTEM32\ntdll.dll
0x00007fffe7800000 - 0x00007fffe78c9000 	C:\WINDOWS\System32\KERNEL32.DLL
0x00007fffe5e90000 - 0x00007fffe6287000 	C:\WINDOWS\System32\KERNELBASE.dll
0x00007fffe5420000 - 0x00007fffe556b000 	C:\WINDOWS\System32\ucrtbase.dll
0x00007fffdfaf0000 - 0x00007fffdfb08000 	C:\Program Files\Android\Android Studio1\jbr\bin\jli.dll
0x00007fffdfad0000 - 0x00007fffdfaeb000 	C:\Program Files\Android\Android Studio1\jbr\bin\VCRUNTIME140.dll
0x00007fffe78d0000 - 0x00007fffe7a96000 	C:\WINDOWS\System32\USER32.dll
0x00007fffc6930000 - 0x00007fffc6bc2000 	C:\WINDOWS\WinSxS\amd64_microsoft.windows.common-controls_6595b64144ccf1df_6.0.26100.8457_none_3e0b2faee331e92d\COMCTL32.dll
0x00007fffe5230000 - 0x00007fffe5257000 	C:\WINDOWS\System32\win32u.dll
0x00007fffe8490000 - 0x00007fffe8539000 	C:\WINDOWS\System32\msvcrt.dll
0x00007fffe6d00000 - 0x00007fffe6d2b000 	C:\WINDOWS\System32\GDI32.dll
0x00007fffe52f0000 - 0x00007fffe541c000 	C:\WINDOWS\System32\gdi32full.dll
0x00007fffe5570000 - 0x00007fffe5613000 	C:\WINDOWS\System32\msvcp_win.dll
0x00007fffe7d30000 - 0x00007fffe7d62000 	C:\WINDOWS\System32\IMM32.DLL
0x00007fffd5770000 - 0x00007fffd577c000 	C:\Program Files\Android\Android Studio1\jbr\bin\vcruntime140_1.dll
0x00007fff7ac40000 - 0x00007fff7accd000 	C:\Program Files\Android\Android Studio1\jbr\bin\msvcp140.dll
0x00007fff1e910000 - 0x00007fff1f5a6000 	C:\Program Files\Android\Android Studio1\jbr\bin\server\jvm.dll
0x00007fffe74a0000 - 0x00007fffe7556000 	C:\WINDOWS\System32\ADVAPI32.dll
0x00007fffe8200000 - 0x00007fffe82a7000 	C:\WINDOWS\System32\sechost.dll
0x00007fffe7c00000 - 0x00007fffe7d18000 	C:\WINDOWS\System32\RPCRT4.dll
0x00007fffe8400000 - 0x00007fffe8480000 	C:\WINDOWS\System32\WS2_32.dll
0x00007fffe5090000 - 0x00007fffe50ee000 	C:\WINDOWS\SYSTEM32\POWRPROF.dll
0x00007fffdba80000 - 0x00007fffdba8b000 	C:\WINDOWS\SYSTEM32\VERSION.dll
0x00007fffdbb90000 - 0x00007fffdbbc6000 	C:\WINDOWS\SYSTEM32\WINMM.dll
0x00007fffe5070000 - 0x00007fffe5084000 	C:\WINDOWS\SYSTEM32\UMPDC.dll
0x00007fffe3f80000 - 0x00007fffe3f9b000 	C:\WINDOWS\SYSTEM32\kernel.appcore.dll
0x00007fffd5760000 - 0x00007fffd576a000 	C:\Program Files\Android\Android Studio1\jbr\bin\jimage.dll
0x00007fffe3080000 - 0x00007fffe32c2000 	C:\WINDOWS\SYSTEM32\DBGHELP.DLL
0x00007fffe6f50000 - 0x00007fffe72d3000 	C:\WINDOWS\System32\combase.dll
0x00007fffe8320000 - 0x00007fffe83f9000 	C:\WINDOWS\System32\OLEAUT32.dll
0x00007fffc7200000 - 0x00007fffc723b000 	C:\WINDOWS\SYSTEM32\dbgcore.DLL
0x00007fffe6410000 - 0x00007fffe64b8000 	C:\WINDOWS\System32\bcryptPrimitives.dll
0x00007fffd5580000 - 0x00007fffd558e000 	C:\Program Files\Android\Android Studio1\jbr\bin\instrument.dll
0x00007fffd56a0000 - 0x00007fffd56c0000 	C:\Program Files\Android\Android Studio1\jbr\bin\java.dll
0x00007fffaf070000 - 0x00007fffaf088000 	C:\Program Files\Android\Android Studio1\jbr\bin\zip.dll
0x00007fffe6580000 - 0x00007fffe6cee000 	C:\WINDOWS\System32\SHELL32.dll
0x00007fffe5620000 - 0x00007fffe5e8c000 	C:\WINDOWS\System32\windows.storage.dll
0x00007fffe73a0000 - 0x00007fffe7496000 	C:\WINDOWS\System32\SHCORE.dll
0x00007fffe82b0000 - 0x00007fffe8316000 	C:\WINDOWS\System32\shlwapi.dll
0x00007fffe5150000 - 0x00007fffe5179000 	C:\WINDOWS\SYSTEM32\profapi.dll
0x00007fffd5750000 - 0x00007fffd5760000 	C:\Program Files\Android\Android Studio1\jbr\bin\net.dll
0x00007fffd5b10000 - 0x00007fffd5c39000 	C:\WINDOWS\SYSTEM32\WINHTTP.dll
0x00007fffe44d0000 - 0x00007fffe453c000 	C:\WINDOWS\system32\mswsock.dll
0x00007fffaeff0000 - 0x00007fffaf006000 	C:\Program Files\Android\Android Studio1\jbr\bin\nio.dll
0x00007fffaefe0000 - 0x00007fffaeff0000 	C:\Program Files\Android\Android Studio1\jbr\bin\verify.dll
0x00007fff99c10000 - 0x00007fff99c37000 	C:\Users\Lohrm\.gradle\native\660c5614fbf4a5f2a75b1949f50a0caf5cd603558e7d8a26e50b933a0cfb79d1\windows-amd64\native-platform.dll
0x00007fff7abc0000 - 0x00007fff7ac37000 	C:\Users\Lohrm\.gradle\native\0.2.8\x86_64-windows-gnu\gradle-fileevents.dll
0x00007fffd5590000 - 0x00007fffd5599000 	C:\Program Files\Android\Android Studio1\jbr\bin\management.dll
0x00007fffd54c0000 - 0x00007fffd54cb000 	C:\Program Files\Android\Android Studio1\jbr\bin\management_ext.dll
0x00007fffe7d20000 - 0x00007fffe7d28000 	C:\WINDOWS\System32\PSAPI.DLL
0x00007fffe39c0000 - 0x00007fffe39f2000 	C:\WINDOWS\SYSTEM32\IPHLPAPI.DLL
0x00007fffe7560000 - 0x00007fffe756a000 	C:\WINDOWS\System32\NSI.dll
0x00007fffd55c0000 - 0x00007fffd55c9000 	C:\Program Files\Android\Android Studio1\jbr\bin\extnet.dll
0x00007fffe48d0000 - 0x00007fffe48eb000 	C:\WINDOWS\SYSTEM32\CRYPTSP.dll
0x00007fffe3ee0000 - 0x00007fffe3f19000 	C:\WINDOWS\system32\rsaenh.dll
0x00007fffe4580000 - 0x00007fffe45b3000 	C:\WINDOWS\SYSTEM32\USERENV.dll
0x00007fffe5120000 - 0x00007fffe514a000 	C:\WINDOWS\SYSTEM32\bcrypt.dll
0x00007fffe4730000 - 0x00007fffe473c000 	C:\WINDOWS\SYSTEM32\CRYPTBASE.dll
0x00007fffa9000000 - 0x00007fffa9008000 	C:\WINDOWS\system32\wshunix.dll

JVMTI agents:
C:\Users\Lohrm\.gradle\wrapper\dists\gradle-9.4.1-bin\arn2x92ynaizyzdaamcbpbhtj\gradle-9.4.1\lib\agents\gradle-instrumentation-agent-9.4.1.jar path:C:\Program Files\Android\Android Studio1\jbr\bin\instrument.dll, loaded, initialized, instrumentlib options:none

dbghelp: loaded successfully - version: 4.0.5 - missing functions: none
symbol engine: initialized successfully - sym options: 0x614 - pdb path: .;C:\Program Files\Android\Android Studio1\jbr\bin;C:\WINDOWS\SYSTEM32;C:\WINDOWS\WinSxS\amd64_microsoft.windows.common-controls_6595b64144ccf1df_6.0.26100.8457_none_3e0b2faee331e92d;C:\Program Files\Android\Android Studio1\jbr\bin\server;C:\Users\Lohrm\.gradle\native\660c5614fbf4a5f2a75b1949f50a0caf5cd603558e7d8a26e50b933a0cfb79d1\windows-amd64;C:\Users\Lohrm\.gradle\native\0.2.8\x86_64-windows-gnu

VM Arguments:
jvm_args: --add-opens=java.base/java.lang=ALL-UNNAMED --add-opens=java.base/java.lang.invoke=ALL-UNNAMED --add-opens=java.base/java.util=ALL-UNNAMED --add-opens=java.prefs/java.util.prefs=ALL-UNNAMED --add-exports=jdk.compiler/com.sun.tools.javac.api=ALL-UNNAMED --add-exports=jdk.compiler/com.sun.tools.javac.util=ALL-UNNAMED --add-opens=java.base/java.util=ALL-UNNAMED --add-opens=java.prefs/java.util.prefs=ALL-UNNAMED --add-opens=java.base/java.nio.charset=ALL-UNNAMED --add-opens=java.base/java.net=ALL-UNNAMED --add-opens=java.base/java.util.concurrent=ALL-UNNAMED --add-opens=java.base/java.util.concurrent.atomic=ALL-UNNAMED --add-opens=java.xml/javax.xml.namespace=ALL-UNNAMED --add-opens=java.base/java.time=ALL-UNNAMED -Xmx2048m -Dfile.encoding=UTF-8 -Duser.country=BO -Duser.language=es -Duser.variant -javaagent:C:\Users\Lohrm\.gradle\wrapper\dists\gradle-9.4.1-bin\arn2x92ynaizyzdaamcbpbhtj\gradle-9.4.1\lib\agents\gradle-instrumentation-agent-9.4.1.jar 
java_command: org.gradle.launcher.daemon.bootstrap.GradleDaemon 9.4.1
java_class_path (initial): C:\Users\Lohrm\.gradle\wrapper\dists\gradle-9.4.1-bin\arn2x92ynaizyzdaamcbpbhtj\gradle-9.4.1\lib\gradle-daemon-main-9.4.1.jar
Launcher Type: SUN_STANDARD

[Global flags]
     intx CICompilerCount                          = 4                                         {product} {ergonomic}
     uint ConcGCThreads                            = 2                                         {product} {ergonomic}
     uint G1ConcRefinementThreads                  = 8                                         {product} {ergonomic}
   size_t G1HeapRegionSize                         = 1048576                                   {product} {ergonomic}
    uintx GCDrainStackTargetSize                   = 64                                        {product} {ergonomic}
   size_t InitialHeapSize                          = 264241152                                 {product} {ergonomic}
   size_t MarkStackSize                            = 4194304                                   {product} {ergonomic}
   size_t MaxHeapSize                              = 2147483648                                {product} {command line}
   size_t MaxNewSize                               = 1287651328                                {product} {ergonomic}
   size_t MinHeapDeltaBytes                        = 1048576                                   {product} {ergonomic}
   size_t MinHeapSize                              = 8388608                                   {product} {ergonomic}
    uintx NonNMethodCodeHeapSize                   = 5839372                                {pd product} {ergonomic}
    uintx NonProfiledCodeHeapSize                  = 122909434                              {pd product} {ergonomic}
    uintx ProfiledCodeHeapSize                     = 122909434                              {pd product} {ergonomic}
    uintx ReservedCodeCacheSize                    = 251658240                              {pd product} {ergonomic}
     bool SegmentedCodeCache                       = true                                      {product} {ergonomic}
   size_t SoftMaxHeapSize                          = 2147483648                             {manageable} {ergonomic}
     bool UseCompressedOops                        = true                           {product lp64_product} {ergonomic}
     bool UseG1GC                                  = true                                      {product} {ergonomic}
     bool UseLargePagesIndividualAllocation        = false                                  {pd product} {ergonomic}

Logging:
Log output configuration:
 #0: stdout all=warning uptime,level,tags foldmultilines=false
 #1: stderr all=off uptime,level,tags foldmultilines=false

Release file:
JAVA_VERSION="21.0.10" 
MODULES="java.base java.compiler java.datatransfer java.xml java.prefs java.desktop java.instrument java.logging java.management java.security.sasl java.naming java.rmi java.management.rmi java.net.http java.scripting java.security.jgss java.transaction.xa java.sql java.sql.rowset java.xml.crypto java.se java.smartcardio jdk.accessibility jdk.internal.jvmstat jdk.attach jdk.charsets jdk.internal.opt jdk.zipfs jdk.compiler jdk.crypto.ec jdk.crypto.cryptoki jdk.dynalink jdk.hotspot.agent jdk.httpserver jdk.internal.ed jdk.internal.le jdk.internal.vm.ci jdk.jartool jdk.javadoc jdk.jcmd jdk.jdeps jdk.jdwp.agent jdk.jdi jdk.jfr jdk.jlink jdk.jsobject jdk.localedata jdk.management jdk.management.agent jdk.management.jfr jdk.naming.dns jdk.naming.rmi jdk.net jdk.sctp jdk.security.auth jdk.security.jgss jdk.unsupported jdk.unsupported.desktop jdk.xml.dom" 
IMPLEMENTOR="JetBrains s.r.o." 
JAVA_RUNTIME_VERSION="21.0.10+-14961533-b1163.108" 
LIBC="default" 
OS_ARCH="x86_64" 
OS_NAME="Windows" 
SOURCE=".:git:1351622c2ff2" 

Environment Variables:
PATH=C:\Python314\Scripts\;C:\Python314\;C:\WINDOWS\system32;C:\WINDOWS;C:\WINDOWS\System32\Wbem;C:\WINDOWS\System32\WindowsPowerShell\v1.0\;C:\WINDOWS\System32\OpenSSH\;C:\Program Files\dotnet\;C:\Program Files\nodejs\;C:\Program Files\Microsoft SQL Server\170\Tools\Binn\;C:\ProgramData\chocolatey\bin;C:\Program Files\Microsoft SQL Server\Client SDK\ODBC\170\Tools\Binn\;C:\Program Files (x86)\Windows Kits\10\Windows Performance Toolkit\;C:\Users\Lohrm\AppData\Local\Microsoft\WindowsApps;C:\Users\Lohrm\AppData\Local\Programs\Microsoft VS Code\bin;C:\Users\Lohrm\AppData\Roaming\npm;C:\Users\Lohrm\.dotnet\tools
USERNAME=Lohrm
OS=Windows_NT
PROCESSOR_IDENTIFIER=Intel64 Family 6 Model 140 Stepping 1, GenuineIntel
TMP=C:\Users\Lohrm\AppData\Local\Temp
TEMP=C:\Users\Lohrm\AppData\Local\Temp




Periodic native trim disabled

JNI global refs:
JNI global refs: 27, weak refs: 0

JNI global refs memory usage: 835, weak refs: 201

Process memory usage:
Resident Set Size: 745508K (4% of 16509728K total physical memory with 1537496K free physical memory)

OOME stack traces (most recent first):
Classloader memory used:
Loader org.gradle.internal.classloader.VisitableURLClassLoader                         : 104M
Loader bootstrap                                                                       : 26184K
Loader org.gradle.internal.classloader.VisitableURLClassLoader$InstrumentingVisitableURLClassLoader: 18224K
Loader org.gradle.initialization.MixInLegacyTypesClassLoader                           : 12204K
Loader org.gradle.internal.classloader.VisitableURLClassLoader                         : 1137K
Loader jdk.internal.reflect.DelegatingClassLoader                                      : 348K
Loader jdk.internal.jrtfs.JrtFileSystemProvider$JrtFsLoader                            : 340K
Loader jdk.internal.loader.ClassLoaders$PlatformClassLoader                            : 263K
Loader jdk.internal.loader.ClassLoaders$AppClassLoader                                 : 192K
Loader org.gradle.groovy.scripts.internal.DefaultScriptCompilationHandler$ScriptClassLoader: 93048B

Classes loaded by more than one classloader:
Class Program                                                                         : loaded 5 times (x 72B)
Class Build_gradle                                                                    : loaded 3 times (x 126B)
Class com.google.common.collect.PeekingIterator                                       : loaded 3 times (x 70B)
Class com.google.common.base.Preconditions                                            : loaded 3 times (x 71B)
Class org.gradle.internal.IoActions                                                   : loaded 3 times (x 71B)
Class org.gradle.api.GradleException                                                  : loaded 3 times (x 82B)
Class org.gradle.api.Action                                                           : loaded 3 times (x 70B)
Class org.gradle.internal.Cast                                                        : loaded 3 times (x 71B)
Class com.google.common.collect.ImmutableList                                         : loaded 3 times (x 206B)
Class com.google.common.collect.Iterators$9                                           : loaded 3 times (x 81B)
Class com.google.common.collect.Lists                                                 : loaded 3 times (x 71B)
Class com.google.common.collect.ImmutableCollection                                   : loaded 3 times (x 125B)
Class com.google.common.collect.Iterators$5                                           : loaded 3 times (x 82B)
Class com.google.common.collect.Iterators$4                                           : loaded 3 times (x 82B)
Class com.google.common.collect.Iterators$1                                           : loaded 3 times (x 81B)
Class com.google.common.collect.UnmodifiableListIterator                              : loaded 3 times (x 95B)
Class com.google.common.collect.Iterators$MergingIterator                             : loaded 3 times (x 81B)
Class com.google.common.collect.AbstractIndexedListIterator                           : loaded 3 times (x 96B)
Class com.google.common.collect.AbstractIterator                                      : loaded 3 times (x 82B)
Class com.google.common.collect.Lists$StringAsImmutableList                           : loaded 3 times (x 207B)
Class com.google.common.collect.Iterators                                             : loaded 3 times (x 71B)
Class com.google.common.collect.Iterators$SingletonIterator                           : loaded 3 times (x 81B)
Class com.google.common.collect.UnmodifiableIterator                                  : loaded 3 times (x 80B)
Class com.google.common.collect.Iterators$ArrayItr                                    : loaded 3 times (x 97B)
Class com.google.common.collect.ListMultimap                                          : loaded 2 times (x 70B)
Class com.google.common.collect.ImmutableEnumMap                                      : loaded 2 times (x 126B)
Class org.gradle.tooling.internal.gradle.DefaultProjectIdentifier                     : loaded 2 times (x 86B)
Class com.google.common.collect.Sets$1                                                : loaded 2 times (x 139B)
Class org.objectweb.asm.AnnotationVisitor                                             : loaded 2 times (x 78B)
Class org.gradle.api.internal.DefaultClassPathProvider                                : loaded 2 times (x 76B)
Class com.google.common.collect.Sets$2                                                : loaded 2 times (x 139B)
Class [Lorg.gradle.api.internal.ClassPathProvider;                                    : loaded 2 times (x 69B)
Class org.gradle.api.internal.ClassPathProvider                                       : loaded 2 times (x 70B)
Class [Lorg.objectweb.asm.AnnotationVisitor;                                          : loaded 2 times (x 69B)
Class com.google.common.collect.Sets$3                                                : loaded 2 times (x 139B)
Class com.google.common.cache.LocalCache$LocalLoadingCache                            : loaded 2 times (x 134B)
Class org.gradle.internal.service.UnknownServiceException                             : loaded 2 times (x 83B)
Class com.google.common.collect.Sets$4                                                : loaded 2 times (x 139B)
Class org.objectweb.asm.ModuleVisitor                                                 : loaded 2 times (x 81B)
Class com.google.common.cache.LocalCache$Strength$1                                   : loaded 2 times (x 81B)
Class com.google.common.util.concurrent.SettableFuture                                : loaded 2 times (x 114B)
Class com.google.common.cache.LocalCache$Strength$2                                   : loaded 2 times (x 81B)
Class com.google.common.cache.LocalCache$Strength$3                                   : loaded 2 times (x 81B)
Class com.google.common.collect.MapDifference                                         : loaded 2 times (x 70B)
Class org.objectweb.asm.FieldWriter                                                   : loaded 2 times (x 78B)
Class com.google.common.cache.CacheBuilder$NullListener                               : loaded 2 times (x 82B)
Class org.gradle.internal.classpath.TransformedClassPath                              : loaded 2 times (x 96B)
Class org.gradle.internal.classloader.InstrumentingClassLoader                        : loaded 2 times (x 70B)
Class com.google.common.cache.CacheLoader$FunctionToCacheLoader                       : loaded 2 times (x 75B)
Class [Lcom.google.common.collect.ImmutableMapEntry;                                  : loaded 2 times (x 69B)
Class com.google.common.collect.ImmutableCollection$Builder                           : loaded 2 times (x 76B)
Class kotlin.enums.EnumEntriesList                                                    : loaded 2 times (x 223B)
Class com.google.common.base.Joiner                                                   : loaded 2 times (x 79B)
Class com.google.common.base.MoreObjects                                              : loaded 2 times (x 71B)
Class com.google.common.collect.Platform                                              : loaded 2 times (x 71B)
Class [Lorg.objectweb.asm.Type;                                                       : loaded 2 times (x 69B)
Class kotlin.collections.AbstractList$Companion                                       : loaded 2 times (x 71B)
Class org.gradle.internal.service.ServiceLocator                                      : loaded 2 times (x 70B)
Class com.google.common.base.Ascii                                                    : loaded 2 times (x 71B)
Class com.google.common.collect.SingletonImmutableBiMap                               : loaded 2 times (x 143B)
Class com.google.common.cache.LocalCache$1                                            : loaded 2 times (x 89B)
Class org.gradle.internal.classloader.DefaultClassLoaderFactory                       : loaded 2 times (x 82B)
Class com.google.common.collect.AbstractMapEntry                                      : loaded 2 times (x 81B)
Class jdk.internal.jrtfs.JrtFileSystemProvider                                        : loaded 2 times (x 101B)
Class com.intellij.gradle.toolingExtension.util.GradleVersionUtil                     : loaded 2 times (x 71B)
Class org.gradle.tooling.model.UnsupportedMethodException                             : loaded 2 times (x 82B)
Class com.google.common.collect.ImmutableList$Builder                                 : loaded 2 times (x 77B)
Class com.google.common.collect.AbstractMultimap                                      : loaded 2 times (x 123B)
Class com.google.common.cache.LocalCache$2                                            : loaded 2 times (x 142B)
Class com.google.common.collect.RegularImmutableAsList                                : loaded 2 times (x 217B)
Class com.google.common.util.concurrent.AbstractFuture$Trusted                        : loaded 2 times (x 70B)
Class com.google.common.base.Suppliers                                                : loaded 2 times (x 71B)
Class [Lcom.google.common.cache.CacheBuilder$OneWeigher;                              : loaded 2 times (x 69B)
Class com.google.common.util.concurrent.UncheckedExecutionException                   : loaded 2 times (x 82B)
Class org.gradle.kotlin.dsl.VersionCatalogAccessorsKt                                 : loaded 2 times (x 71B)
Class jdk.internal.jimage.ImageLocation                                               : loaded 2 times (x 90B)
Class org.objectweb.asm.ClassWriter                                                   : loaded 2 times (x 106B)
Class com.google.common.cache.CacheLoader$UnsupportedLoadingOperationException        : loaded 2 times (x 82B)
Class com.google.common.base.CharMatcher$And                                          : loaded 2 times (x 112B)
Class jdk.internal.jimage.ImageBufferCache$1                                          : loaded 2 times (x 83B)
Class org.gradle.internal.time.DefaultTimer                                           : loaded 2 times (x 80B)
Class org.objectweb.asm.FieldVisitor                                                  : loaded 2 times (x 77B)
Class com.google.common.collect.IndexedImmutableSet                                   : loaded 2 times (x 152B)
Class com.google.common.collect.ImmutableMap$1                                        : loaded 2 times (x 81B)
Class com.google.common.collect.BiMap                                                 : loaded 2 times (x 70B)
Class jdk.internal.jimage.ImageBufferCache$2                                          : loaded 2 times (x 91B)
Class org.gradle.api.internal.classpath.DefaultModuleRegistry$DefaultModule           : loaded 2 times (x 82B)
Class com.google.common.primitives.Ints                                               : loaded 2 times (x 71B)
Class org.objectweb.asm.MethodTooLargeException                                       : loaded 2 times (x 83B)
Class com.google.common.collect.ObjectArrays                                          : loaded 2 times (x 71B)
Class com.google.common.math.MathPreconditions                                        : loaded 2 times (x 71B)
Class com.google.common.collect.Multiset                                              : loaded 2 times (x 70B)
Class com.google.common.collect.ArrayListMultimapGwtSerializationDependencies         : loaded 2 times (x 172B)
Class org.gradle.internal.operations.MultipleBuildOperationFailures                   : loaded 2 times (x 95B)
Class org.gradle.internal.time.DefaultCountdownTimer                                  : loaded 2 times (x 88B)
Class com.google.common.collect.ImmutableMapEntrySet                                  : loaded 2 times (x 152B)
Class org.gradle.tooling.internal.gradle.DefaultBuildIdentifier                       : loaded 2 times (x 79B)
Class org.gradle.api.internal.classpath.Module                                        : loaded 2 times (x 70B)
Class com.google.common.cache.Weigher                                                 : loaded 2 times (x 70B)
Class org.gradle.api.internal.classpath.UnknownModuleException                        : loaded 2 times (x 82B)
Class com.google.common.base.Stopwatch                                                : loaded 2 times (x 72B)
Class com.google.common.cache.LocalCache$Strength                                     : loaded 2 times (x 81B)
Class com.google.common.cache.Cache                                                   : loaded 2 times (x 70B)
Class jdk.internal.jimage.ImageHeader                                                 : loaded 2 times (x 71B)
Class com.google.common.util.concurrent.AbstractFuture$Cancellation                   : loaded 2 times (x 72B)
Class com.google.common.collect.ImmutableMap$Builder                                  : loaded 2 times (x 82B)
Class com.google.common.cache.RemovalListener                                         : loaded 2 times (x 70B)
Class org.gradle.tooling.internal.gradle.GradleProjectIdentity                        : loaded 2 times (x 70B)
Class org.gradle.api.internal.DefaultClassPathRegistry                                : loaded 2 times (x 76B)
Class com.google.common.primitives.IntsMethodsForWeb                                  : loaded 2 times (x 71B)
Class com.google.common.collect.Multimap                                              : loaded 2 times (x 70B)
Class org.gradle.internal.classpath.DefaultClassPath$ImmutableUniqueList              : loaded 2 times (x 199B)
Class org.gradle.api.internal.ClassPathRegistry                                       : loaded 2 times (x 70B)
Class jdk.internal.jimage.decompressor.ResourceDecompressor                           : loaded 2 times (x 70B)
Class jdk.internal.jimage.decompressor.StringSharingDecompressorFactory               : loaded 2 times (x 74B)
Class com.google.common.cache.CacheBuilder                                            : loaded 2 times (x 72B)
Class com.google.common.collect.SingletonImmutableList                                : loaded 2 times (x 207B)
Class Settings_gradle$1                                                               : loaded 2 times (x 74B)
Class org.gradle.internal.classpath.ClassPath                                         : loaded 2 times (x 70B)
Class com.google.common.collect.ImmutableList$ReverseImmutableList                    : loaded 2 times (x 209B)
Class org.objectweb.asm.SymbolTable$Entry                                             : loaded 2 times (x 74B)
Class org.gradle.api.internal.classpath.DefaultModuleRegistry$DefaultModuleAlias      : loaded 2 times (x 80B)
Class org.objectweb.asm.Edge                                                          : loaded 2 times (x 72B)
Class com.google.common.base.Suppliers$SupplierOfInstance                             : loaded 2 times (x 79B)
Class org.objectweb.asm.ClassVisitor                                                  : loaded 2 times (x 88B)
Class jdk.internal.jimage.ImageStringsReader                                          : loaded 2 times (x 80B)
Class org.gradle.tooling.model.Model                                                  : loaded 2 times (x 70B)
Class com.google.common.cache.LocalCache$ComputingValueReference                      : loaded 2 times (x 96B)
Class com.google.common.collect.SingletonImmutableSet                                 : loaded 2 times (x 146B)
Class com.google.common.collect.ImmutableMap$IteratorBasedImmutableMap                : loaded 2 times (x 126B)
Class kotlin.UninitializedPropertyAccessException                                     : loaded 2 times (x 82B)
Class com.google.common.cache.LocalCache$Segment                                      : loaded 2 times (x 154B)
Class jdk.internal.jimage.ImageReader                                                 : loaded 2 times (x 75B)
Class com.google.common.collect.AbstractListMultimap                                  : loaded 2 times (x 172B)
Class [Lorg.objectweb.asm.SymbolTable$Entry;                                          : loaded 2 times (x 69B)
Class com.google.common.cache.CacheLoader                                             : loaded 2 times (x 74B)
Class [Lorg.objectweb.asm.Symbol;                                                     : loaded 2 times (x 69B)
Class com.google.common.collect.ImmutableBiMap                                        : loaded 2 times (x 143B)
Class jdk.internal.jimage.ImageReader$SharedImageReader                               : loaded 2 times (x 95B)
Class org.gradle.api.internal.classpath.ModuleRegistry                                : loaded 2 times (x 70B)
Class org.gradle.internal.installation.GradleInstallation$1                           : loaded 2 times (x 75B)
Class com.google.common.collect.ImmutableSet$JdkBackedSetBuilderImpl                  : loaded 2 times (x 76B)
Class com.google.common.util.concurrent.internal.InternalFutureFailureAccess          : loaded 2 times (x 72B)
Class com.google.common.collect.ImmutableMap$MapViewOfValuesAsSingletonSets           : loaded 2 times (x 126B)
Class jdk.internal.jimage.decompressor.ResourceDecompressorFactory                    : loaded 2 times (x 74B)
Class com.google.common.cache.LocalCache$LocalManualCache$1                           : loaded 2 times (x 75B)
Class com.google.common.base.CharMatcher$ForPredicate                                 : loaded 2 times (x 112B)
Class com.google.common.base.CharMatcher$AnyOf                                        : loaded 2 times (x 112B)
Class com.google.common.collect.RegularImmutableMap                                   : loaded 2 times (x 121B)
Class jdk.internal.jimage.ImageReader$Node                                            : loaded 2 times (x 84B)
Class org.gradle.api.internal.classpath.DefaultModuleRegistry                         : loaded 2 times (x 84B)
Class com.google.common.collect.ImmutableList$1                                       : loaded 2 times (x 97B)
Class com.google.common.util.concurrent.ListenableFuture                              : loaded 2 times (x 70B)
Class com.google.common.cache.ReferenceEntry                                          : loaded 2 times (x 70B)
Class com.google.common.base.Converter                                                : loaded 2 times (x 90B)
Class com.google.common.collect.ImmutableSet$CachingAsList                            : loaded 2 times (x 148B)
Class jdk.internal.jimage.BasicImageReader$1                                          : loaded 2 times (x 77B)
Class com.google.common.collect.AbstractMapBasedMultimap                              : loaded 2 times (x 139B)
Class com.google.common.util.concurrent.AbstractFuture                                : loaded 2 times (x 106B)
Class com.google.common.base.FunctionalEquivalence                                    : loaded 2 times (x 83B)
Class com.google.common.util.concurrent.ExecutionError                                : loaded 2 times (x 82B)
Class com.google.common.collect.ImmutableAsList                                       : loaded 2 times (x 209B)
Class com.google.common.collect.ImmutableEnumSet                                      : loaded 2 times (x 146B)
Class com.google.common.cache.CacheLoader$SupplierToCacheLoader                       : loaded 2 times (x 75B)
Class sync_studio_tooling2_9b3lvwcn5e9skd2ysmisn189z                                  : loaded 2 times (x 171B)
Class jdk.internal.jimage.decompressor.Decompressor                                   : loaded 2 times (x 72B)
Class org.gradle.internal.time.MonotonicClock                                         : loaded 2 times (x 77B)
Class org.gradle.internal.service.ServiceLookupException                              : loaded 2 times (x 82B)
Class [Lcom.google.common.cache.LocalCache$EntryFactory;                              : loaded 2 times (x 69B)
Class org.gradle.internal.classloader.ClassLoaderFactory                              : loaded 2 times (x 70B)
Class com.google.common.cache.LocalCache$LocalManualCache                             : loaded 2 times (x 99B)
Class com.google.common.base.CharMatcher$IsNot                                        : loaded 2 times (x 111B)
Class org.gradle.internal.service.CachingServiceLocator                               : loaded 2 times (x 82B)
Class com.google.common.math.IntMath                                                  : loaded 2 times (x 71B)
Class com.google.common.collect.ImmutableMapEntry                                     : loaded 2 times (x 85B)
Class org.gradle.internal.time.TimeSource                                             : loaded 2 times (x 70B)
Class com.google.common.base.Equivalence                                              : loaded 2 times (x 82B)
Class com.google.common.base.Function                                                 : loaded 2 times (x 70B)
Class com.google.common.collect.ImmutableMapEntry$NonTerminalImmutableMapEntry        : loaded 2 times (x 85B)
Class org.gradle.tooling.internal.gradle.GradleBuildIdentity                          : loaded 2 times (x 70B)
Class kotlin.enums.EnumEntries                                                        : loaded 2 times (x 70B)
Class com.google.common.cache.CacheBuilder$OneWeigher                                 : loaded 2 times (x 82B)
Class com.google.common.collect.RegularImmutableList                                  : loaded 2 times (x 213B)
Class org.gradle.internal.exceptions.ResolutionProvider                               : loaded 2 times (x 70B)
Class jdk.internal.jimage.ImageBufferCache                                            : loaded 2 times (x 71B)
Class jdk.internal.jrtfs.JrtPath                                                      : loaded 2 times (x 118B)
Class org.gradle.tooling.model.ProjectIdentifier                                      : loaded 2 times (x 70B)
Class org.gradle.internal.classloader.ClasspathUtil                                   : loaded 2 times (x 71B)
Class com.google.common.util.concurrent.Uninterruptibles                              : loaded 2 times (x 71B)
Class org.jetbrains.kotlin.tooling.core.HasExtras                                     : loaded 2 times (x 70B)
Class com.google.common.util.concurrent.LazyLogger                                    : loaded 2 times (x 72B)
Class com.google.common.collect.Maps                                                  : loaded 2 times (x 71B)
Class org.gradle.internal.time.TimeSource$1                                           : loaded 2 times (x 77B)
Class kotlin.jvm.internal.DefaultConstructorMarker                                    : loaded 2 times (x 71B)
Class org.gradle.api.specs.Spec                                                       : loaded 2 times (x 70B)
Class [Lcom.google.common.collect.ImmutableEntry;                                     : loaded 2 times (x 69B)
Class com.google.common.cache.LocalCache$LoadingValueReference                        : loaded 2 times (x 96B)
Class jdk.internal.jimage.decompressor.ResourceDecompressorRepository                 : loaded 2 times (x 71B)
Class com.intellij.gradle.toolingExtension.impl.model.utilDummyModel.DummyModel       : loaded 2 times (x 70B)
Class org.gradle.internal.time.Clock                                                  : loaded 2 times (x 70B)
Class [Lorg.objectweb.asm.AnnotationWriter;                                           : loaded 2 times (x 69B)
Class com.google.common.collect.Maps$8                                                : loaded 2 times (x 82B)
Class jdk.internal.jimage.ImageReader$Directory                                       : loaded 2 times (x 84B)
Class kotlin.collections.AbstractList                                                 : loaded 2 times (x 197B)
Class kotlin.collections.AbstractCollection                                           : loaded 2 times (x 117B)
Class com.google.common.collect.Sets$SetView                                          : loaded 2 times (x 138B)
Class com.google.common.cache.LocalCache$StrongValueReference                         : loaded 2 times (x 90B)
Class org.jetbrains.kotlin.tooling.core.Extras                                        : loaded 2 times (x 70B)
Class org.objectweb.asm.Type                                                          : loaded 2 times (x 72B)
Class org.gradle.internal.classloader.VisitableURLClassLoader$InstrumentingVisitableURLClassLoader: loaded 2 times (x 123B)
Class com.google.common.math.IntMath$1                                                : loaded 2 times (x 71B)
Class org.objectweb.asm.ByteVector                                                    : loaded 2 times (x 79B)
Class [Lcom.google.common.cache.CacheBuilder$NullListener;                            : loaded 2 times (x 69B)
Class org.gradle.internal.classloader.VisitableURLClassLoader$Spec                    : loaded 2 times (x 74B)
Class org.gradle.internal.classpath.DefaultClassPath                                  : loaded 2 times (x 90B)
Class org.objectweb.asm.Symbol                                                        : loaded 2 times (x 73B)
Class jdk.internal.jimage.decompressor.ZipDecompressorFactory                         : loaded 2 times (x 74B)
Class org.gradle.util.internal.DefaultGradleVersion                                   : loaded 2 times (x 82B)
Class com.google.common.base.CharMatcher$BitSetMatcher                                : loaded 2 times (x 112B)
Class com.google.common.collect.RegularImmutableMap$Values                            : loaded 2 times (x 207B)
Class com.google.common.collect.ImmutableSet                                          : loaded 2 times (x 145B)
Class org.gradle.internal.classloader.ClassLoaderSpec                                 : loaded 2 times (x 71B)
Class org.objectweb.asm.AnnotationWriter                                              : loaded 2 times (x 79B)
Class com.google.common.cache.CacheStats                                              : loaded 2 times (x 71B)
Class org.objectweb.asm.RecordComponentWriter                                         : loaded 2 times (x 78B)
Class com.google.common.util.concurrent.AbstractFuture$Listener                       : loaded 2 times (x 72B)
Class com.google.common.base.CharMatcher$Or                                           : loaded 2 times (x 112B)
Class Settings_gradle$1$1                                                             : loaded 2 times (x 74B)
Class org.gradle.api.internal.classpath.Module$ModuleAlias                            : loaded 2 times (x 70B)
Class org.objectweb.asm.Attribute                                                     : loaded 2 times (x 77B)
Class com.google.common.base.Supplier                                                 : loaded 2 times (x 70B)
Class org.gradle.internal.classloader.VisitableURLClassLoader                         : loaded 2 times (x 117B)
Class Settings_gradle                                                                 : loaded 2 times (x 124B)
Class org.gradle.internal.classloader.ClassLoaderHierarchy                            : loaded 2 times (x 70B)
Class jdk.internal.jimage.BasicImageReader                                            : loaded 2 times (x 95B)
Class com.google.common.collect.Sets                                                  : loaded 2 times (x 71B)
Class org.objectweb.asm.Handler                                                       : loaded 2 times (x 72B)
Class com.google.common.base.Ticker                                                   : loaded 2 times (x 72B)
Class com.google.common.base.CharMatcher$FastMatcher                                  : loaded 2 times (x 111B)
Class jdk.internal.jimage.decompressor.ZipDecompressor                                : loaded 2 times (x 75B)
Class ijInit1_59q41umtbs9c3s9jmme9nuxh0                                               : loaded 2 times (x 171B)
Class [Lcom.google.common.cache.LocalCache$Segment;                                   : loaded 2 times (x 69B)
Class [Lcom.google.common.cache.LocalCache$Strength;                                  : loaded 2 times (x 69B)
Class com.google.common.cache.CacheBuilder$1                                          : loaded 2 times (x 85B)
Class com.google.common.base.Predicate                                                : loaded 2 times (x 70B)
Class com.google.common.collect.ImmutableMap                                          : loaded 2 times (x 120B)
Class ijInit1_59q41umtbs9c3s9jmme9nuxh0$_run_closure1                                 : loaded 2 times (x 140B)
Class org.gradle.internal.classpath.DefaultClassPath$ImmutableUniqueList$Builder      : loaded 2 times (x 75B)
Class com.google.common.cache.LocalCache                                              : loaded 2 times (x 187B)
Class com.google.common.cache.CacheBuilder$2                                          : loaded 2 times (x 79B)
Class com.google.common.base.CharMatcher$NegatedFastMatcher                           : loaded 2 times (x 113B)
Class com.google.common.collect.ArrayListMultimap                                     : loaded 2 times (x 172B)
Class com.google.common.cache.CacheBuilder$3                                          : loaded 2 times (x 72B)
Class [Lcom.google.common.collect.AbstractMapEntry;                                   : loaded 2 times (x 69B)
Class com.google.common.collect.ImmutableEntry                                        : loaded 2 times (x 82B)
Class com.google.common.base.CharMatcher$IsEither                                     : loaded 2 times (x 111B)
Class org.gradle.internal.exceptions.NonGradleCauseExceptionsHolder                   : loaded 2 times (x 70B)
Class com.google.common.collect.CollectPreconditions                                  : loaded 2 times (x 71B)
Class jdk.internal.jimage.ImageStrings                                                : loaded 2 times (x 70B)
Class com.google.common.collect.SortedMapDifference                                   : loaded 2 times (x 70B)
Class com.google.common.cache.LocalCache$EntryFactory                                 : loaded 2 times (x 83B)
Class com.google.common.cache.LocalCache$AbstractReferenceEntry                       : loaded 2 times (x 107B)
Class org.jetbrains.kotlin.tooling.core.HasMutableExtras                              : loaded 2 times (x 70B)
Class org.gradle.internal.classloader.FilteringClassLoader                            : loaded 2 times (x 105B)
Class kotlin.enums.EnumEntriesKt                                                      : loaded 2 times (x 71B)
Class org.objectweb.asm.SymbolTable                                                   : loaded 2 times (x 72B)
Class com.google.common.cache.CacheLoader$InvalidCacheLoadException                   : loaded 2 times (x 82B)
Class com.google.common.collect.ImmutableSet$RegularSetBuilderImpl                    : loaded 2 times (x 77B)
Class com.google.common.cache.LocalCache$StrongEntry                                  : loaded 2 times (x 108B)
Class com.google.common.util.concurrent.AbstractFuture$TrustedFuture                  : loaded 2 times (x 114B)
Class com.google.common.cache.LoadingCache                                            : loaded 2 times (x 70B)
Class org.gradle.internal.exceptions.MultiCauseException                              : loaded 2 times (x 70B)
Class org.gradle.internal.time.CountdownTimer                                         : loaded 2 times (x 70B)
Class kotlin.jvm.internal.Intrinsics                                                  : loaded 2 times (x 71B)
Class org.objectweb.asm.MethodWriter                                                  : loaded 2 times (x 106B)
Class [Lcom.google.common.cache.Weigher;                                              : loaded 2 times (x 69B)
Class com.google.common.collect.RegularImmutableMap$BucketOverflowException           : loaded 2 times (x 82B)
Class jdk.internal.jrtfs.JrtFileSystem                                                : loaded 2 times (x 102B)
Class org.gradle.tooling.model.ProjectModel                                           : loaded 2 times (x 70B)
Class jdk.internal.jimage.decompressor.CompressedResourceHeader                       : loaded 2 times (x 71B)
Class kotlin.KotlinNullPointerException                                               : loaded 2 times (x 83B)
Class com.google.common.collect.RegularImmutableBiMap                                 : loaded 2 times (x 149B)
Class com.google.common.cache.LocalCache$ValueReference                               : loaded 2 times (x 70B)
Class com.google.common.base.CharMatcher$Negated                                      : loaded 2 times (x 113B)
Class com.google.common.base.CharMatcher$Is                                           : loaded 2 times (x 111B)
Class org.gradle.internal.exceptions.DefaultMultiCauseException                       : loaded 2 times (x 95B)
Class com.google.common.util.concurrent.AbstractFuture$Failure                        : loaded 2 times (x 72B)
Class com.google.common.base.Equivalence$Equals                                       : loaded 2 times (x 82B)
Class com.google.common.collect.Hashing                                               : loaded 2 times (x 71B)
Class kotlin.NotImplementedError                                                      : loaded 2 times (x 82B)
Class com.google.common.base.Joiner$1                                                 : loaded 2 times (x 80B)
Class org.objectweb.asm.Label                                                         : loaded 2 times (x 73B)
Class org.objectweb.asm.CurrentFrame                                                  : loaded 2 times (x 73B)
Class org.objectweb.asm.ClassTooLargeException                                        : loaded 2 times (x 83B)
Class com.google.common.base.CharMatcher                                              : loaded 2 times (x 111B)
Class com.google.common.collect.RegularImmutableMap$KeySet                            : loaded 2 times (x 152B)
Class org.gradle.internal.time.Time                                                   : loaded 2 times (x 71B)
Class com.google.common.base.Joiner$2                                                 : loaded 2 times (x 79B)
Class org.objectweb.asm.Frame                                                         : loaded 2 times (x 73B)
Class org.objectweb.asm.MethodVisitor                                                 : loaded 2 times (x 105B)
Class com.google.common.cache.LocalCache$EntryFactory$1                               : loaded 2 times (x 83B)
Class [Lcom.google.common.cache.RemovalListener;                                      : loaded 2 times (x 69B)
Class com.google.common.base.CharMatcher$1                                            : loaded 2 times (x 113B)
Class com.google.common.base.CharMatcher$NamedFastMatcher                             : loaded 2 times (x 112B)
Class com.google.common.cache.LocalCache$EntryFactory$2                               : loaded 2 times (x 83B)
Class org.objectweb.asm.ModuleWriter                                                  : loaded 2 times (x 82B)
Class com.google.common.cache.LocalCache$EntryFactory$3                               : loaded 2 times (x 83B)
Class com.google.common.base.Ticker$1                                                 : loaded 2 times (x 72B)
Class com.google.common.collect.Maps$BiMapConverter                                   : loaded 2 times (x 90B)
Class com.google.common.collect.ImmutableMapEntrySet$RegularEntrySet                  : loaded 2 times (x 152B)
Class sync_studio_tooling2_9b3lvwcn5e9skd2ysmisn189z$_run_closure1                    : loaded 2 times (x 139B)
Class org.gradle.tooling.model.BuildIdentifier                                        : loaded 2 times (x 70B)
Class kotlin.NoWhenBranchMatchedException                                             : loaded 2 times (x 82B)
Class com.google.common.collect.ImmutableSet$Builder                                  : loaded 2 times (x 85B)
Class com.google.common.cache.LocalCache$EntryFactory$4                               : loaded 2 times (x 83B)
Class com.google.common.base.CharMatcher$InRange                                      : loaded 2 times (x 111B)
Class com.google.common.cache.LocalCache$EntryFactory$5                               : loaded 2 times (x 83B)
Class com.google.common.base.Equivalence$Identity                                     : loaded 2 times (x 82B)
Class com.google.common.cache.LocalCache$EntryFactory$6                               : loaded 2 times (x 83B)
Class org.gradle.internal.time.Timer                                                  : loaded 2 times (x 70B)
Class kotlin.jvm.internal.markers.KMappedMarker                                       : loaded 2 times (x 70B)
Class org.gradle.internal.installation.CurrentGradleInstallationLocator               : loaded 2 times (x 71B)
Class com.google.common.collect.ImmutableSet$EmptySetBuilderImpl                      : loaded 2 times (x 76B)
Class com.google.common.cache.LocalCache$EntryFactory$7                               : loaded 2 times (x 83B)
Class org.objectweb.asm.RecordComponentVisitor                                        : loaded 2 times (x 77B)
Class org.gradle.internal.service.DefaultServiceLocator                               : loaded 2 times (x 83B)
Class org.jetbrains.kotlin.util.capitalizeDecapitalize.CapitalizeDecapitalizeKt       : loaded 2 times (x 71B)
Class com.google.common.cache.LocalCache$EntryFactory$8                               : loaded 2 times (x 83B)
Class com.google.common.collect.ImmutableSet$SetBuilderImpl                           : loaded 2 times (x 76B)
Class org.gradle.util.GradleVersion                                                   : loaded 2 times (x 81B)
Class org.gradle.internal.installation.CurrentGradleInstallation                      : loaded 2 times (x 73B)
Class com.google.common.cache.CacheLoader$1                                           : loaded 2 times (x 75B)
Class com.google.common.collect.ImmutableList$SubList                                 : loaded 2 times (x 209B)
Class org.gradle.util.internal.GUtil                                                  : loaded 2 times (x 71B)
Class com.google.common.cache.AbstractCache$StatsCounter                              : loaded 2 times (x 70B)
Class com.google.common.base.PairwiseEquivalence                                      : loaded 2 times (x 83B)
Class com.google.common.collect.RegularImmutableSet                                   : loaded 2 times (x 149B)
Class org.gradle.internal.installation.GradleInstallation                             : loaded 2 times (x 75B)
Class com.google.common.collect.Iterables                                             : loaded 2 times (x 71B)
Class jdk.internal.jimage.decompressor.ResourceDecompressor$StringsProvider           : loaded 2 times (x 70B)

---------------  S Y S T E M  ---------------

OS:
 Windows 11 , 64 bit Build 26100 (10.0.26100.8328)
OS uptime: 9 days 7:49 hours
Hyper-V role detected

CPU: total 8 (initial active 8) (4 cores per cpu, 2 threads per core) family 6 model 140 stepping 1 microcode 0xbe, cx8, cmov, fxsr, ht, mmx, 3dnowpref, sse, sse2, sse3, ssse3, sse4.1, sse4.2, popcnt, lzcnt, tsc, tscinvbit, avx, avx2, aes, erms, clmul, bmi1, bmi2, adx, avx512f, avx512dq, avx512cd, avx512bw, avx512vl, sha, fma, vzeroupper, avx512_vpopcntdq, avx512_vpclmulqdq, avx512_vaes, avx512_vnni, clflush, clflushopt, clwb, avx512_vbmi2, avx512_vbmi, hv, rdtscp, rdpid, fsrm, gfni, avx512_bitalg, f16c, cet_ibt, cet_ss, avx512_ifma
Processor Information for processor 0
  Max Mhz: 1690, Current Mhz: 1690, Mhz Limit: 1690
Processor Information for processor 1
  Max Mhz: 1690, Current Mhz: 994, Mhz Limit: 1690
Processor Information for processor 2
  Max Mhz: 1690, Current Mhz: 1690, Mhz Limit: 1690
Processor Information for processor 3
  Max Mhz: 1690, Current Mhz: 994, Mhz Limit: 1690
Processor Information for processor 4
  Max Mhz: 1690, Current Mhz: 994, Mhz Limit: 1690
Processor Information for processor 5
  Max Mhz: 1690, Current Mhz: 1690, Mhz Limit: 1690
Processor Information for processor 6
  Max Mhz: 1690, Current Mhz: 1690, Mhz Limit: 1690
Processor Information for processor 7
  Max Mhz: 1690, Current Mhz: 1690, Mhz Limit: 1690

Memory: 4k page, system-wide physical 16122M (1839M free)
TotalPageFile size 39374M (AvailPageFile size 674M)
current process WorkingSet (physical memory assigned to process): 737M, peak: 737M
current process commit charge ("private bytes"): 781M, peak: 790M

vm_info: OpenJDK 64-Bit Server VM (21.0.10+-14961533-b1163.108) for windows-amd64 JRE (21.0.10+-14961533-b1163.108), built on 2026-03-02T19:58:50Z by "builder" with MS VC++ 16.10 / 16.11 (VS2019)

END.
